Idx,target
71800,0.0
56450,0.0
4517,0.0
40696,1.0
7447,0.0
72723,0.0
16684,0.0
25639,0.0
81904,1.0
29557,0.0
90590,0.0
58730,0.0
89356,0.0
69159,0.0
2204,0.0
22546,0.0
32637,0.0
47301,0.0
40805,0.0
68479,0.0
65802,0.0
79061,0.0
69484,0.0
79232,0.0
90350,0.0
69176,0.0
70716,0.0
86475,1.0
34840,0.0
88889,0.0
47209,0.0
34115,1.0
57782,0.0
73287,0.0
73237,0.0
69161,0.0
6816,0.0
9085,0.0
79153,0.0
72220,0.0
64399,0.0
58328,0.0
879,0.0
87844,0.0
40451,0.0
80809,0.0
30439,0.0
1651,0.0
81370,1.0
82843,0.0
44122,0.0
26542,0.0
88408,0.0
53891,0.0
33087,1.0
60820,0.0
54054,0.0
61354,0.0
41193,1.0
11311,0.0
71361,0.0
61493,0.0
42011,0.0
52527,0.0
60205,0.0
17163,0.0
20280,1.0
36824,0.0
73130,0.0
30789,0.0
30400,0.0
2562,0.0
19295,0.0
20710,0.0
39098,0.0
73091,0.0
81938,0.0
23358,0.0
41137,0.0
18240,0.0
30801,0.0
27518,0.0
52099,0.0
74304,1.0
57622,1.0
51651,1.0
52204,1.0
63483,0.0
31543,0.0
79723,0.0
11767,0.0
41785,0.0
65922,0.0
53280,0.0
17756,0.0
75565,0.0
43784,0.0
52105,0.0
23520,0.0
39068,0.0
24439,0.0
48340,0.0
45478,0.0
41234,0.0
77849,1.0
49092,0.0
14458,0.0
25979,1.0
86759,0.0
77815,0.0
31963,0.0
35945,0.0
86040,0.0
80348,0.0
34728,0.0
4029,0.0
11533,0.0
34982,1.0
60184,1.0
30998,0.0
66571,0.0
3197,0.0
25386,0.0
51671,0.0
37732,0.0
77506,0.0
14052,0.0
17890,0.0
7468,0.0
433,0.0
29043,1.0
65779,0.0
17156,0.0
25101,0.0
72719,0.0
65575,0.0
86466,0.0
89220,0.0
20965,0.0
18348,0.0
81378,0.0
5227,0.0
43820,0.0
55063,0.0
17291,0.0
80390,0.0
67119,0.0
126,0.0
64650,0.0
80036,0.0
29050,0.0
21943,0.0
10500,0.0
70908,0.0
57807,0.0
78666,0.0
61803,0.0
68027,0.0
90830,1.0
20523,0.0
76197,0.0
87139,0.0
76011,0.0
24593,0.0
23096,0.0
43574,0.0
62953,0.0
60595,1.0
21752,1.0
81648,0.0
76856,0.0
43443,0.0
59314,0.0
10250,0.0
15626,0.0
42462,0.0
33081,0.0
13677,0.0
48890,0.0
74989,0.0
89447,0.0
30603,0.0
42247,0.0
34031,0.0
4159,0.0
44188,0.0
42608,0.0
32020,0.0
60783,0.0
75359,0.0
32960,0.0
28118,0.0
34900,1.0
7967,1.0
87666,0.0
31498,0.0
77660,0.0
88203,0.0
72424,0.0
75283,0.0
15836,0.0
49431,0.0
74894,0.0
14271,0.0
41340,0.0
25756,0.0
47431,0.0
24082,0.0
32095,0.0
21659,1.0
55433,0.0
77754,0.0
10548,0.0
52647,0.0
22694,0.0
44391,0.0
75004,0.0
3389,0.0
20983,0.0
25884,0.0
42940,1.0
4084,0.0
17078,0.0
25828,0.0
54734,0.0
12377,0.0
55478,0.0
40062,0.0
74561,0.0
16293,0.0
74977,0.0
88657,0.0
41681,0.0
48897,0.0
3756,0.0
68618,0.0
18756,1.0
56735,0.0
85900,0.0
37918,0.0
21221,0.0
34543,0.0
18911,0.0
5271,0.0
8051,0.0
87177,0.0
36062,0.0
9397,0.0
27475,0.0
11326,0.0
88581,0.0
44068,0.0
69678,0.0
29390,0.0
32461,0.0
68510,0.0
66125,0.0
51063,0.0
60684,1.0
37030,0.0
54260,0.0
74100,0.0
69074,0.0
19183,0.0
80751,0.0
87067,0.0
18398,0.0
31680,0.0
6183,0.0
71995,0.0
71126,0.0
68163,0.0
20461,0.0
64840,0.0
31677,0.0
17467,0.0
48375,0.0
83138,0.0
18024,0.0
9420,0.0
64525,0.0
16180,0.0
7902,0.0
43356,0.0
64439,0.0
32275,0.0
78965,0.0
43014,0.0
76331,0.0
64659,0.0
3813,0.0
36910,0.0
16882,0.0
13204,0.0
90203,0.0
70622,0.0
39893,0.0
4215,0.0
87845,0.0
69856,0.0
59310,0.0
42037,0.0
53455,0.0
12341,0.0
11339,0.0
37335,0.0
68193,0.0
19010,0.0
54168,0.0
47565,0.0
26663,0.0
17887,1.0
84086,0.0
13773,0.0
65672,1.0
77584,0.0
71658,0.0
49922,0.0
8451,0.0
24051,0.0
7815,0.0
42212,0.0
90062,0.0
83979,0.0
14158,1.0
7098,0.0
16961,0.0
39688,1.0
37260,0.0
34680,0.0
72655,0.0
41768,0.0
85756,0.0
19388,0.0
1779,1.0
49892,0.0
13483,0.0
83801,0.0
91285,0.0
37655,0.0
86281,0.0
55575,0.0
69973,0.0
38692,0.0
8193,0.0
1663,0.0
21445,1.0
90181,0.0
79611,0.0
43110,0.0
32471,0.0
33534,0.0
35312,0.0
33663,0.0
66051,0.0
61606,0.0
70853,0.0
31877,0.0
21270,0.0
14492,0.0
67954,0.0
47244,0.0
90511,0.0
75242,0.0
42039,0.0
13896,0.0
16204,0.0
32079,0.0
81163,1.0
63755,0.0
56218,0.0
33813,0.0
65024,0.0
91054,0.0
51330,0.0
46966,0.0
90669,0.0
36962,0.0
32750,1.0
11205,0.0
61951,0.0
69268,0.0
16466,0.0
43104,0.0
55228,0.0
54767,0.0
39047,0.0
27637,0.0
15917,0.0
32331,0.0
36334,0.0
79474,0.0
26496,0.0
7569,0.0
8968,0.0
33448,0.0
76399,0.0
21757,0.0
81916,0.0
91049,0.0
35493,0.0
82379,0.0
36661,0.0
16272,0.0
57494,0.0
27077,0.0
68850,0.0
85921,0.0
71891,0.0
52208,0.0
1554,0.0
38197,0.0
34145,0.0
9720,0.0
59835,0.0
2463,0.0
55182,0.0
82246,0.0
86521,0.0
21715,1.0
61403,0.0
37847,0.0
24897,0.0
14556,0.0
7906,0.0
43382,1.0
27414,0.0
6794,0.0
45161,0.0
49097,0.0
15411,0.0
24676,1.0
11180,0.0
48108,0.0
86183,0.0
4023,0.0
46546,0.0
55809,0.0
27725,0.0
62161,0.0
21928,0.0
35187,0.0
19338,0.0
49881,0.0
77966,0.0
78653,0.0
33310,0.0
37393,1.0
64328,0.0
72499,0.0
39935,0.0
84936,0.0
61528,0.0
66332,0.0
63530,0.0
12416,0.0
37317,0.0
48619,0.0
73633,0.0
80595,0.0
15292,0.0
67381,0.0
89904,0.0
75940,1.0
91182,0.0
57075,0.0
36988,0.0
56509,0.0
68958,0.0
4741,0.0
18558,0.0
2429,0.0
64556,0.0
86852,0.0
38035,0.0
51201,0.0
42357,1.0
78533,0.0
89582,0.0
58027,0.0
68655,0.0
41296,0.0
9944,1.0
2189,0.0
21223,0.0
37218,0.0
14930,1.0
89626,0.0
75221,0.0
48089,0.0
55183,0.0
40081,0.0
28386,0.0
11798,0.0
20176,0.0
70362,0.0
34356,0.0
40358,0.0
89785,0.0
76375,0.0
80543,0.0
42068,0.0
4621,0.0
62697,0.0
34341,0.0
85708,0.0
32146,0.0
89183,1.0
60955,0.0
78692,0.0
29574,0.0
61180,0.0
1608,0.0
57701,0.0
17657,0.0
28830,1.0
26788,0.0
23619,0.0
14806,0.0
6629,0.0
9768,1.0
23545,0.0
38576,0.0
70807,0.0
90899,0.0
13097,0.0
31112,0.0
21574,0.0
9019,0.0
34206,0.0
51530,0.0
79619,0.0
82463,0.0
18845,0.0
34593,1.0
16551,0.0
57378,0.0
23273,0.0
60479,0.0
85156,0.0
71526,0.0
72153,0.0
22256,1.0
15652,0.0
7320,0.0
20022,0.0
18119,0.0
78646,0.0
54339,0.0
70892,0.0
62992,0.0
68373,0.0
61993,0.0
13666,0.0
71734,0.0
82276,0.0
28653,0.0
81297,0.0
41735,1.0
33588,0.0
80001,0.0
52086,0.0
18887,0.0
14949,0.0
415,0.0
23502,0.0
59530,0.0
4077,0.0
41840,0.0
45331,0.0
26235,0.0
73613,0.0
50285,0.0
84519,0.0
81960,0.0
68007,0.0
23190,0.0
44792,1.0
31938,0.0
60837,0.0
2093,0.0
56071,0.0
15664,1.0
68200,0.0
12949,0.0
16731,0.0
22512,0.0
20636,1.0
80038,0.0
6546,0.0
16829,0.0
21253,0.0
69501,0.0
80134,0.0
29104,0.0
28927,0.0
38292,0.0
91205,0.0
21559,0.0
69457,0.0
51975,0.0
22285,0.0
14893,0.0
7318,0.0
8235,0.0
61097,0.0
85243,0.0
42937,0.0
83450,0.0
50405,0.0
59824,0.0
86110,0.0
53598,0.0
50466,0.0
17573,0.0
80923,0.0
40776,0.0
63117,0.0
46619,0.0
82250,0.0
6929,0.0
82560,0.0
15937,0.0
63544,0.0
64947,0.0
11603,1.0
8322,0.0
21873,0.0
36763,1.0
18681,0.0
31223,1.0
71976,0.0
87410,0.0
71824,0.0
1317,0.0
4565,0.0
41362,0.0
36135,0.0
88743,0.0
38336,0.0
43331,1.0
33735,0.0
6283,0.0
80675,0.0
91696,0.0
55312,0.0
39875,0.0
48258,0.0
23917,0.0
12858,0.0
84158,0.0
41494,0.0
79306,0.0
38703,0.0
18459,0.0
57599,0.0
82062,0.0
4702,0.0
29387,0.0
75287,0.0
27165,0.0
77458,0.0
63317,0.0
31935,0.0
15347,0.0
28978,0.0
55737,0.0
6708,0.0
79871,0.0
64205,0.0
86394,0.0
60625,0.0
21632,0.0
73395,0.0
22206,0.0
21311,1.0
2479,0.0
78889,0.0
26618,0.0
16604,1.0
36588,0.0
88786,0.0
58343,0.0
70472,0.0
41383,0.0
90280,0.0
30806,0.0
60871,0.0
16653,0.0
24741,0.0
73324,0.0
89441,0.0
89550,0.0
56022,0.0
89397,0.0
77868,0.0
13875,0.0
77289,0.0
3216,0.0
49764,0.0
71088,0.0
13869,1.0
71482,0.0
35117,0.0
23033,0.0
70600,1.0
63473,0.0
68272,0.0
41282,0.0
16680,0.0
72023,0.0
11912,0.0
43582,0.0
34950,0.0
3219,1.0
87266,0.0
5544,0.0
70709,0.0
90580,0.0
82878,0.0
26004,0.0
1201,0.0
54882,1.0
84299,0.0
77916,0.0
62650,0.0
6018,0.0
88828,0.0
72207,0.0
33073,0.0
21118,1.0
9839,0.0
5018,0.0
68092,0.0
68070,0.0
24911,0.0
2461,0.0
55783,0.0
14365,0.0
27288,0.0
31943,0.0
25034,0.0
10495,0.0
12856,0.0
82721,0.0
40804,0.0
79864,1.0
67337,0.0
24875,0.0
36897,0.0
85843,0.0
23061,0.0
61624,0.0
82713,0.0
1384,0.0
63197,0.0
4149,0.0
75700,0.0
90060,0.0
83343,0.0
90827,1.0
4802,0.0
10337,0.0
77501,0.0
47260,0.0
52954,0.0
18430,0.0
6030,0.0
29155,0.0
52738,0.0
42821,0.0
74210,0.0
19790,0.0
42808,0.0
77862,0.0
75626,0.0
48468,0.0
15517,0.0
43861,0.0
20989,0.0
12334,0.0
1648,0.0
40796,0.0
59770,0.0
40587,1.0
26144,0.0
89137,0.0
29498,0.0
70206,0.0
38291,1.0
77598,0.0
75879,0.0
22120,0.0
24506,0.0
2260,0.0
42549,0.0
30650,0.0
23182,0.0
21143,0.0
88028,0.0
39009,0.0
16051,0.0
79325,0.0
61835,0.0
78490,0.0
77657,0.0
27488,1.0
57379,0.0
89488,0.0
41952,0.0
29490,0.0
57549,0.0
35506,1.0
14320,0.0
84703,0.0
32215,0.0
55654,0.0
68294,0.0
75264,0.0
70708,0.0
47532,0.0
88587,0.0
44071,0.0
18308,0.0
83753,0.0
3946,0.0
72982,0.0
12782,0.0
49791,1.0
84581,0.0
19337,0.0
21242,0.0
42397,0.0
55935,0.0
50797,0.0
35321,0.0
82770,0.0
63375,0.0
62241,0.0
1925,0.0
70840,0.0
9886,0.0
31122,0.0
91704,1.0
86833,0.0
61963,0.0
50385,0.0
91044,0.0
65165,0.0
52947,0.0
3163,0.0
87040,0.0
4916,0.0
88683,0.0
79662,0.0
21771,0.0
67242,0.0
65395,0.0
11592,0.0
83491,0.0
73588,0.0
37624,0.0
33271,0.0
58272,0.0
84410,0.0
68114,0.0
64021,0.0
2886,0.0
29751,0.0
47509,0.0
26155,0.0
34938,0.0
18995,1.0
27429,0.0
72157,0.0
54624,0.0
77453,0.0
35862,0.0
67015,1.0
26881,0.0
78977,1.0
35591,0.0
22470,0.0
74642,0.0
29643,0.0
83319,0.0
37384,0.0
60530,0.0
5786,1.0
35602,0.0
16159,1.0
68976,0.0
28244,0.0
59490,0.0
29966,0.0
65041,0.0
91367,0.0
72476,0.0
28741,1.0
3823,0.0
25540,0.0
70440,0.0
66095,0.0
43253,0.0
13357,0.0
13370,0.0
52380,1.0
58526,0.0
80482,0.0
20962,0.0
5407,0.0
76280,0.0
7198,0.0
6773,0.0
6573,0.0
14854,0.0
23718,0.0
75793,0.0
43338,0.0
58846,1.0
85510,0.0
33322,0.0
86900,0.0
53843,1.0
46719,0.0
32072,0.0
24395,0.0
36499,0.0
18613,0.0
5712,0.0
74381,0.0
21352,0.0
17398,0.0
50663,0.0
80734,1.0
90312,0.0
56641,0.0
33811,0.0
68261,0.0
34263,0.0
67050,0.0
64104,0.0
28545,0.0
45785,0.0
14761,0.0
1628,0.0
73931,0.0
57355,0.0
55613,0.0
74659,0.0
14928,1.0
4293,1.0
84188,0.0
45402,0.0
64325,0.0
432,0.0
51955,0.0
25762,0.0
90778,0.0
36874,0.0
20611,0.0
26282,0.0
63139,0.0
48579,0.0
40540,0.0
2286,0.0
52841,1.0
88244,0.0
48562,0.0
17448,0.0
60026,0.0
82830,0.0
67798,0.0
54835,0.0
83401,0.0
44395,0.0
4153,0.0
67483,0.0
74899,0.0
54179,0.0
5101,1.0
78949,0.0
4186,0.0
65533,0.0
61563,0.0
49071,0.0
45024,0.0
74412,0.0
65181,0.0
87770,0.0
74717,0.0
3564,0.0
28484,1.0
39040,0.0
31274,0.0
24993,0.0
48218,0.0
46464,0.0
1697,0.0
16393,0.0
15247,1.0
43276,0.0
90741,0.0
29941,0.0
32380,0.0
69847,0.0
13833,0.0
37396,0.0
66298,0.0
87217,0.0
46947,0.0
56370,1.0
37321,0.0
2168,0.0
90307,0.0
26669,0.0
31432,0.0
44130,0.0
50607,0.0
53490,0.0
40684,1.0
40647,0.0
88032,0.0
38022,0.0
40491,0.0
69829,0.0
8148,1.0
82508,0.0
31044,0.0
91177,0.0
7926,1.0
37956,0.0
91271,0.0
67406,0.0
69313,0.0
4560,0.0
53276,0.0
35576,0.0
18822,0.0
24360,0.0
38043,0.0
67212,0.0
37668,0.0
27226,0.0
12251,0.0
5874,0.0
17396,0.0
67705,1.0
3019,0.0
7707,0.0
7651,0.0
77654,0.0
54199,0.0
71530,0.0
24667,0.0
19564,0.0
17450,0.0
59410,0.0
2201,0.0
51161,0.0
3856,0.0
64829,0.0
69810,0.0
73831,0.0
45759,0.0
57583,0.0
15303,1.0
90379,0.0
3062,0.0
35530,0.0
12616,0.0
61201,0.0
90857,0.0
34576,0.0
5538,0.0
63899,0.0
50983,0.0
70428,0.0
60313,0.0
82395,0.0
14558,0.0
3809,0.0
56407,0.0
63062,0.0
45215,0.0
41498,0.0
28290,0.0
65703,0.0
21393,1.0
64295,0.0
53004,0.0
7255,0.0
50770,0.0
37484,0.0
14997,0.0
2074,0.0
88910,0.0
88613,0.0
6022,0.0
14260,1.0
55001,0.0
70612,0.0
52189,0.0
87182,0.0
17927,0.0
41015,0.0
7899,0.0
48452,0.0
53624,0.0
39409,1.0
64256,0.0
5631,0.0
50250,0.0
10754,0.0
18092,0.0
38626,0.0
33288,0.0
81541,0.0
81669,0.0
88661,0.0
83456,0.0
90287,0.0
61850,0.0
18517,0.0
3138,0.0
55731,0.0
9033,0.0
31110,0.0
82142,0.0
11438,0.0
55043,0.0
64076,0.0
17441,0.0
3925,0.0
65925,0.0
6020,0.0
38818,0.0
55446,0.0
65748,0.0
87857,0.0
30746,0.0
65094,1.0
79921,0.0
54094,0.0
10222,0.0
88566,1.0
30324,0.0
73814,0.0
28894,0.0
34212,0.0
21229,0.0
85134,0.0
82205,0.0
89988,0.0
50650,0.0
36856,0.0
15638,0.0
29528,0.0
48039,0.0
37901,0.0
22795,0.0
2925,0.0
39967,0.0
72538,0.0
66793,0.0
3183,0.0
8969,1.0
79392,0.0
20925,0.0
55720,0.0
2451,0.0
21515,0.0
82564,0.0
87135,0.0
66368,0.0
8370,0.0
64042,0.0
17551,0.0
6407,0.0
40852,0.0
28024,1.0
41558,0.0
76053,0.0
61311,0.0
49057,1.0
44308,0.0
18005,0.0
54368,0.0
50947,0.0
20209,0.0
4143,0.0
56457,0.0
79982,0.0
21861,0.0
65387,0.0
87974,0.0
7240,0.0
39311,0.0
38697,0.0
22413,0.0
66570,0.0
25851,0.0
47407,0.0
7975,0.0
85051,0.0
24521,0.0
76645,0.0
31279,0.0
22302,0.0
89938,0.0
83968,0.0
480,0.0
2701,0.0
7385,0.0
57170,0.0
13830,0.0
69680,0.0
82418,0.0
11378,0.0
40450,0.0
30555,0.0
49075,0.0
9223,0.0
59001,0.0
28507,0.0
85904,0.0
34112,0.0
39316,0.0
4033,0.0
74166,0.0
75551,0.0
47784,0.0
59072,0.0
74803,1.0
66277,0.0
24275,0.0
63854,0.0
39534,0.0
9673,0.0
20419,0.0
17062,0.0
33527,0.0
62164,0.0
76028,0.0
15034,0.0
81259,0.0
13865,0.0
32789,0.0
22369,0.0
35760,0.0
49957,0.0
88126,0.0
20652,1.0
28977,0.0
44613,0.0
78983,0.0
19320,0.0
3991,0.0
33463,0.0
90137,0.0
78873,0.0
51499,0.0
29982,0.0
37916,0.0
81366,0.0
73142,0.0
18060,0.0
38348,0.0
11710,0.0
63431,0.0
888,0.0
80021,0.0
66447,0.0
3306,1.0
50642,0.0
20672,0.0
15232,1.0
75371,0.0
85282,0.0
30068,0.0
46995,0.0
34076,0.0
28138,0.0
18163,0.0
14510,0.0
38243,1.0
83814,0.0
42464,0.0
55905,0.0
53105,0.0
2919,0.0
48498,0.0
79246,0.0
40209,0.0
54717,0.0
76138,0.0
33036,0.0
78867,0.0
5847,0.0
84291,0.0
74104,0.0
67003,0.0
53171,0.0
64620,0.0
7408,0.0
20497,0.0
67981,0.0
57044,0.0
50746,0.0
43532,0.0
73546,0.0
38824,0.0
89194,0.0
73740,0.0
60502,0.0
5161,0.0
18792,0.0
85899,0.0
62127,0.0
83307,0.0
3760,0.0
28562,0.0
8680,0.0
85391,0.0
63130,0.0
12509,0.0
80670,0.0
7449,0.0
66664,0.0
88050,0.0
6957,1.0
35583,0.0
30940,0.0
34073,0.0
81937,0.0
49193,0.0
40720,0.0
59183,0.0
62052,1.0
35733,0.0
89506,0.0
62231,0.0
58168,0.0
43302,0.0
39181,0.0
79356,1.0
87097,0.0
69127,0.0
65052,0.0
90086,0.0
82071,0.0
82586,0.0
71465,0.0
43221,1.0
43999,0.0
4322,0.0
74450,0.0
86634,0.0
20329,1.0
16939,0.0
73753,0.0
51144,0.0
37575,0.0
47930,0.0
78518,0.0
22367,0.0
18571,0.0
65132,0.0
43947,0.0
9874,0.0
59569,0.0
76206,0.0
65710,0.0
18635,0.0
41806,0.0
64266,0.0
57345,0.0
79602,0.0
41138,0.0
91644,0.0
47317,0.0
78491,0.0
91110,1.0
90865,0.0
45208,0.0
19954,0.0
76783,0.0
75970,0.0
69160,0.0
38677,0.0
41525,0.0
15268,0.0
81670,0.0
25889,0.0
65746,0.0
11860,0.0
68968,0.0
2261,0.0
5989,0.0
10777,0.0
10915,0.0
30473,0.0
40850,0.0
83585,0.0
64073,0.0
20813,0.0
2152,0.0
31386,0.0
10556,0.0
7174,0.0
60665,0.0
85460,0.0
18275,0.0
84409,0.0
2198,1.0
80302,0.0
80068,0.0
59507,0.0
44780,1.0
57059,1.0
58178,0.0
23556,0.0
558,0.0
29333,0.0
40677,0.0
76361,0.0
81526,0.0
50603,0.0
62476,0.0
88343,0.0
11964,0.0
89300,0.0
30972,0.0
87887,0.0
73478,0.0
88645,0.0
4411,0.0
22156,0.0
16118,0.0
25329,0.0
5645,0.0
13832,0.0
66480,0.0
14468,0.0
63372,0.0
8282,0.0
35227,0.0
8767,0.0
63818,0.0
51798,0.0
47304,1.0
56973,0.0
62996,0.0
14048,0.0
56166,0.0
33118,0.0
55553,0.0
40318,0.0
44818,0.0
27753,0.0
50167,0.0
37155,0.0
48214,0.0
41381,0.0
91616,0.0
31431,0.0
77748,0.0
23623,0.0
66489,0.0
65384,0.0
37422,0.0
3686,0.0
5625,0.0
9811,0.0
13189,0.0
73104,0.0
31048,0.0
80199,0.0
78140,0.0
47522,0.0
50580,0.0
88260,0.0
53915,0.0
62243,0.0
3545,0.0
22545,1.0
88859,0.0
71442,0.0
75859,0.0
65724,0.0
66709,0.0
88765,0.0
37451,0.0
32666,0.0
74933,0.0
57736,1.0
51371,0.0
50516,0.0
87864,0.0
52872,0.0
7048,0.0
74160,0.0
23375,0.0
56267,0.0
71327,0.0
77986,0.0
61262,0.0
1815,0.0
67938,0.0
5014,0.0
70186,0.0
42178,0.0
11821,0.0
82131,1.0
67274,0.0
10239,0.0
83326,0.0
48056,0.0
41764,0.0
21866,0.0
82639,0.0
75241,0.0
60995,0.0
1510,0.0
5117,0.0
55962,0.0
61514,1.0
24953,0.0
36306,0.0
10704,0.0
24941,0.0
12547,0.0
67032,0.0
53073,0.0
32592,0.0
88687,0.0
60709,0.0
48859,0.0
22283,0.0
6983,0.0
54023,0.0
67498,0.0
54034,0.0
10944,0.0
79494,0.0
55587,0.0
89647,0.0
48125,0.0
35997,0.0
88047,0.0
51075,0.0
34166,0.0
37244,0.0
55581,0.0
73460,0.0
64657,0.0
45818,0.0
55745,0.0
35240,0.0
82991,0.0
18496,0.0
71856,0.0
50185,0.0
32511,0.0
63550,0.0
78569,0.0
71588,0.0
3403,0.0
71177,0.0
3001,1.0
444,0.0
23272,0.0
42230,0.0
3974,0.0
68410,0.0
81866,0.0
37734,0.0
14809,0.0
57535,0.0
16894,0.0
20823,0.0
53194,0.0
47601,0.0
39500,0.0
49110,0.0
84096,0.0
64079,0.0
64655,0.0
49705,0.0
84771,0.0
21434,0.0
10517,0.0
33579,1.0
36045,0.0
78941,0.0
31927,0.0
53732,0.0
80486,0.0
71344,0.0
63496,0.0
36653,1.0
442,0.0
2217,0.0
73030,0.0
2357,0.0
47654,0.0
25071,0.0
2478,1.0
4546,0.0
60560,0.0
9396,0.0
86691,0.0
72148,0.0
57356,0.0
25045,0.0
78016,0.0
69335,0.0
27183,0.0
28938,0.0
29546,0.0
2083,0.0
13184,0.0
53763,0.0
39815,0.0
6202,0.0
68498,1.0
74913,0.0
24021,0.0
20825,0.0
42774,0.0
60014,1.0
68221,0.0
34363,0.0
87500,0.0
18312,0.0
62924,0.0
84459,0.0
55513,0.0
83895,0.0
80736,0.0
29205,0.0
29852,0.0
43838,1.0
88534,0.0
26406,0.0
81697,0.0
77536,0.0
76449,0.0
37171,0.0
90256,0.0
42116,0.0
52472,0.0
10383,0.0
51537,0.0
38593,0.0
36592,0.0
40440,0.0
10996,0.0
76282,0.0
8976,0.0
10200,0.0
19978,0.0
61331,0.0
78195,0.0
37582,0.0
21319,0.0
5642,0.0
55661,0.0
86878,0.0
82814,0.0
34438,0.0
64280,0.0
81372,0.0
77071,1.0
9812,0.0
82287,0.0
54323,0.0
63470,0.0
19456,0.0
19703,0.0
79801,0.0
15298,0.0
54567,1.0
30492,0.0
54224,0.0
37677,0.0
42583,0.0
67101,0.0
86488,0.0
8557,0.0
46557,0.0
60819,0.0
21256,1.0
86241,0.0
67830,0.0
24516,0.0
47689,0.0
80352,0.0
61693,0.0
8836,0.0
48094,0.0
21133,0.0
27293,0.0
41721,0.0
6060,0.0
42376,0.0
42908,0.0
77272,0.0
74075,0.0
7199,0.0
58899,0.0
40468,1.0
65214,0.0
62843,0.0
40807,0.0
66758,0.0
10600,0.0
50827,0.0
66148,0.0
37132,0.0
60293,0.0
39643,0.0
2811,1.0
80577,0.0
91434,0.0
40815,0.0
11023,0.0
67474,0.0
5975,0.0
8045,0.0
89891,0.0
885,0.0
87065,0.0
22817,0.0
44201,0.0
11495,0.0
10180,0.0
37881,0.0
61585,0.0
2117,0.0
57114,1.0
489,0.0
29325,0.0
28282,0.0
62159,0.0
84227,0.0
65940,0.0
45567,0.0
88462,0.0
36081,0.0
8520,0.0
18585,0.0
15199,0.0
47713,0.0
89133,0.0
91409,0.0
79857,0.0
91057,0.0
28839,0.0
47611,0.0
79472,0.0
55689,0.0
55040,0.0
11540,0.0
7554,0.0
2063,0.0
9560,0.0
65414,0.0
81927,0.0
66068,0.0
81200,0.0
61891,0.0
11276,0.0
15126,1.0
34321,0.0
40305,0.0
47835,1.0
67445,0.0
24612,0.0
5633,0.0
10260,0.0
6528,0.0
46016,0.0
73079,0.0
60053,0.0
71107,0.0
86030,0.0
42831,0.0
25988,0.0
8212,0.0
67359,0.0
15760,0.0
86144,1.0
64557,0.0
67523,0.0
19734,0.0
63458,0.0
47801,0.0
89440,0.0
31585,1.0
42557,0.0
66360,0.0
71650,0.0
91424,0.0
3270,0.0
22139,0.0
50036,0.0
25193,0.0
42638,0.0
10672,0.0
46555,0.0
18852,1.0
87879,0.0
38848,0.0
52865,0.0
10580,0.0
83281,0.0
70238,0.0
23188,0.0
58981,0.0
44548,0.0
74081,0.0
36904,0.0
88390,0.0
14570,0.0
60669,0.0
85422,0.0
23887,0.0
15330,0.0
50444,0.0
13654,0.0
52764,0.0
72519,0.0
4760,0.0
8438,0.0
6625,0.0
61751,0.0
19039,0.0
86824,0.0
81688,0.0
87808,0.0
76910,0.0
80020,0.0
25977,0.0
76790,0.0
66082,1.0
26361,0.0
85186,0.0
49481,0.0
32616,0.0
13035,0.0
3645,0.0
717,0.0
65292,0.0
28003,0.0
55888,0.0
20843,0.0
28198,0.0
57948,0.0
65777,0.0
25531,0.0
30648,0.0
46841,0.0
60103,0.0
14640,1.0
81361,0.0
29310,0.0
55633,0.0
19463,0.0
3143,0.0
84246,0.0
3882,0.0
87365,0.0
2471,0.0
74530,0.0
15404,0.0
19665,0.0
22419,0.0
81303,0.0
79791,0.0
57064,0.0
35629,0.0
83152,0.0
16001,0.0
3186,0.0
78423,0.0
86657,0.0
61480,0.0
37227,0.0
73702,0.0
64052,0.0
47142,0.0
67601,0.0
32612,0.0
61517,0.0
75255,0.0
72004,0.0
19115,0.0
77292,0.0
86952,1.0
86197,0.0
50096,0.0
8741,0.0
44594,0.0
74138,1.0
2978,0.0
62033,0.0
85075,0.0
43687,0.0
73611,0.0
26285,0.0
70837,0.0
31732,0.0
30560,0.0
9976,0.0
35416,0.0
33525,0.0
26353,1.0
83678,0.0
36039,0.0
73774,0.0
28300,0.0
41202,0.0
36967,1.0
70139,0.0
52006,0.0
10725,0.0
51483,1.0
62470,0.0
23251,0.0
15633,0.0
66606,0.0
21013,0.0
59383,0.0
43142,0.0
61316,0.0
44711,0.0
54490,0.0
43030,0.0
67482,0.0
8984,0.0
69948,0.0
28750,0.0
60303,0.0
30522,0.0
22855,0.0
79703,0.0
85064,1.0
87937,0.0
10367,1.0
73196,0.0
82885,0.0
50149,0.0
8522,0.0
5509,0.0
76997,0.0
8123,0.0
53955,0.0
49513,0.0
68690,0.0
1602,0.0
86283,1.0
17554,0.0
79686,0.0
57754,0.0
30586,0.0
60019,0.0
6855,0.0
69668,0.0
3045,0.0
82696,1.0
28954,0.0
76872,0.0
12885,0.0
47039,0.0
73319,0.0
50819,0.0
68872,0.0
19144,0.0
38642,0.0
53934,1.0
50074,0.0
12557,0.0
11878,0.0
25460,1.0
9855,0.0
73720,0.0
37167,0.0
77172,0.0
53109,0.0
78007,0.0
10309,0.0
59822,0.0
3961,0.0
40120,0.0
41790,0.0
87427,0.0
70169,0.0
88880,0.0
1877,0.0
36310,0.0
75891,0.0
30896,0.0
60961,0.0
22408,0.0
11489,0.0
69860,0.0
48581,0.0
18589,0.0
5461,0.0
24397,0.0
81190,0.0
44380,0.0
49143,0.0
77934,0.0
17417,1.0
83427,0.0
61010,0.0
42414,0.0
3673,0.0
58513,0.0
74281,0.0
8300,0.0
21503,0.0
77901,0.0
74511,0.0
56710,0.0
65421,0.0
35514,0.0
3366,0.0
82589,0.0
53994,0.0
23289,0.0
61318,0.0
82123,0.0
21080,0.0
2761,0.0
582,1.0
75400,0.0
87375,0.0
85851,0.0
20543,0.0
33016,0.0
89147,0.0
61074,0.0
15406,1.0
17507,0.0
76830,0.0
78213,0.0
56771,0.0
11163,0.0
74710,0.0
26444,0.0
14644,0.0
47531,0.0
56792,0.0
53024,1.0
84862,0.0
47633,0.0
58850,0.0
87650,1.0
13172,0.0
37875,0.0
73145,0.0
3972,0.0
83031,0.0
15412,0.0
79654,0.0
72440,0.0
40965,1.0
39551,0.0
76260,0.0
26874,0.0
13409,0.0
84765,0.0
37960,0.0
56690,0.0
7096,0.0
82295,0.0
14173,0.0
69290,0.0
201,0.0
82408,0.0
91210,0.0
31600,0.0
523,0.0
36968,1.0
25160,0.0
81432,0.0
56049,0.0
52723,0.0
38225,1.0
86003,0.0
36760,0.0
4610,0.0
28376,0.0
83949,0.0
86344,0.0
5910,0.0
67360,0.0
41544,0.0
5013,0.0
52171,0.0
43694,0.0
46104,0.0
79244,0.0
24790,0.0
48933,0.0
20595,0.0
69182,0.0
20127,1.0
2039,0.0
12902,0.0
72355,0.0
5914,0.0
83886,0.0
77679,0.0
49391,0.0
25644,0.0
49128,0.0
69417,0.0
74244,0.0
86236,0.0
71062,0.0
73573,0.0
46315,0.0
52780,0.0
16967,0.0
34106,0.0
15470,0.0
57469,0.0
6118,0.0
63358,0.0
38804,0.0
54654,0.0
40430,1.0
73039,0.0
33326,0.0
6964,0.0
450,0.0
56745,0.0
61706,0.0
46763,0.0
82883,0.0
6646,0.0
50306,0.0
1600,0.0
57529,0.0
83791,0.0
12640,0.0
58892,0.0
41610,0.0
27392,1.0
5566,0.0
32403,0.0
79342,0.0
24347,0.0
74204,0.0
82410,0.0
69666,0.0
42076,0.0
72,0.0
85709,0.0
37345,0.0
82018,0.0
5374,0.0
77017,0.0
51180,0.0
20863,0.0
21919,0.0
75516,1.0
6185,1.0
85116,0.0
63525,0.0
55601,1.0
49000,0.0
71885,0.0
42163,0.0
14109,0.0
37812,0.0
57959,0.0
82459,0.0
51781,0.0
67803,0.0
59024,0.0
38456,0.0
71585,0.0
28085,0.0
44155,0.0
56007,0.0
67853,0.0
10989,0.0
71035,0.0
90971,0.0
90296,0.0
84097,0.0
35909,0.0
2595,0.0
78920,0.0
50895,0.0
36490,0.0
6463,0.0
58085,0.0
7350,0.0
10131,0.0
51356,0.0
128,0.0
79375,0.0
2232,0.0
46625,0.0
28873,0.0
8878,0.0
55376,0.0
27532,0.0
66858,0.0
6584,0.0
2426,1.0
11210,0.0
18327,0.0
58778,0.0
52045,0.0
23942,0.0
6683,0.0
12690,0.0
47206,0.0
54424,0.0
9265,0.0
46890,0.0
6868,0.0
41648,0.0
42861,0.0
12963,0.0
83511,0.0
48236,0.0
39739,0.0
51895,1.0
10686,0.0
15953,0.0
33986,0.0
13782,0.0
75758,0.0
55872,0.0
42804,0.0
69637,0.0
80587,0.0
54492,0.0
30451,0.0
8630,0.0
11225,0.0
81929,0.0
44230,1.0
33049,0.0
35397,0.0
61023,0.0
60575,0.0
80784,0.0
47523,0.0
77422,0.0
59627,0.0
81944,0.0
30190,0.0
14525,0.0
73422,1.0
5824,0.0
46689,0.0
43715,0.0
47402,0.0
79462,0.0
88922,0.0
26402,0.0
68153,0.0
91289,0.0
58807,0.0
12252,0.0
8030,0.0
38934,1.0
14950,0.0
30843,0.0
85949,0.0
57369,0.0
23469,0.0
36080,0.0
61804,0.0
51308,0.0
90733,0.0
16899,0.0
55162,0.0
90352,0.0
46554,0.0
68052,1.0
3065,0.0
9012,0.0
923,0.0
46107,0.0
60828,1.0
71696,0.0
40411,0.0
72382,0.0
89863,0.0
85823,0.0
5697,0.0
53829,0.0
76553,0.0
56851,0.0
45418,0.0
38698,1.0
7092,0.0
67464,0.0
20665,0.0
43545,0.0
26747,0.0
65772,0.0
89608,0.0
79083,1.0
31780,0.0
77427,0.0
51345,1.0
57541,0.0
69799,0.0
44627,0.0
15428,0.0
22739,0.0
33197,0.0
41996,0.0
32074,0.0
26289,0.0
67422,0.0
20656,0.0
51513,0.0
77097,0.0
83796,0.0
70592,0.0
73520,0.0
51445,0.0
15812,0.0
26207,0.0
75190,0.0
21157,1.0
25390,0.0
89743,0.0
9410,0.0
29388,0.0
39730,0.0
7128,0.0
76716,0.0
7081,0.0
52261,0.0
58338,0.0
21741,0.0
1762,0.0
43768,0.0
48545,0.0
28036,0.0
2387,0.0
25287,0.0
45362,0.0
26829,1.0
23088,0.0
47874,0.0
36800,0.0
69675,0.0
44670,0.0
26537,0.0
11320,0.0
49997,0.0
33139,1.0
54157,0.0
2941,1.0
90017,0.0
74554,0.0
71401,0.0
4947,0.0
79369,0.0
86663,0.0
69156,0.0
37222,1.0
54584,0.0
84792,0.0
74657,0.0
12455,0.0
15931,0.0
21273,0.0
15784,0.0
84014,0.0
25046,0.0
64509,0.0
10863,0.0
82674,0.0
79535,0.0
18184,0.0
69509,0.0
33216,0.0
72975,0.0
64614,0.0
83170,0.0
21850,0.0
55323,0.0
89738,0.0
7988,0.0
21331,0.0
91190,0.0
21101,0.0
1974,0.0
21179,0.0
31319,0.0
50800,0.0
8337,0.0
46574,0.0
53509,0.0
1294,0.0
6062,0.0
65636,0.0
80575,0.0
57968,0.0
46681,0.0
18211,0.0
28505,0.0
26303,0.0
78323,0.0
69272,0.0
88628,0.0
38634,0.0
14520,1.0
15439,0.0
54910,0.0
10531,0.0
72080,0.0
68970,0.0
40023,0.0
84052,0.0
79465,0.0
18187,0.0
46219,0.0
66867,0.0
66286,1.0
30125,0.0
79157,0.0
33981,0.0
64182,0.0
32982,0.0
9160,1.0
60199,0.0
8643,0.0
82808,0.0
15961,0.0
19827,0.0
7505,0.0
50216,0.0
7993,0.0
46734,0.0
13597,0.0
51693,0.0
25758,0.0
47182,0.0
47719,0.0
71474,0.0
52301,0.0
36687,0.0
7040,0.0
54680,0.0
54322,0.0
7583,0.0
56030,0.0
89496,0.0
37564,0.0
42160,0.0
35594,0.0
2854,0.0
64259,0.0
7726,0.0
33337,0.0
22270,0.0
61499,0.0
41331,0.0
18029,0.0
89609,0.0
62518,1.0
13882,0.0
77977,0.0
85793,0.0
75100,0.0
75783,0.0
34323,0.0
90428,0.0
68817,0.0
24471,0.0
26287,0.0
19945,0.0
17429,0.0
18135,0.0
53911,0.0
41306,0.0
71097,0.0
62578,0.0
84664,0.0
81860,0.0
7882,0.0
16549,0.0
44328,0.0
46393,0.0
78269,0.0
8849,1.0
61111,0.0
51797,0.0
58267,0.0
53765,0.0
43479,0.0
52404,0.0
27346,0.0
88913,1.0
90771,0.0
6843,0.0
12753,1.0
68043,0.0
28967,0.0
83871,0.0
91392,0.0
48048,0.0
52042,1.0
60469,0.0
70735,1.0
4298,0.0
80061,0.0
73198,0.0
24952,0.0
12443,0.0
90681,0.0
42955,0.0
81601,0.0
16083,0.0
30822,0.0
52398,0.0
14182,1.0
47809,0.0
15749,0.0
4323,0.0
60510,0.0
17058,0.0
50962,0.0
88089,0.0
78790,1.0
50870,0.0
57847,0.0
79988,0.0
19653,1.0
16811,0.0
41933,0.0
20903,0.0
30688,0.0
79560,0.0
2275,0.0
68249,0.0
14751,0.0
87678,0.0
38464,0.0
20208,0.0
71236,0.0
47095,0.0
3877,0.0
64202,0.0
33329,0.0
84069,0.0
61578,0.0
54288,0.0
4996,1.0
44500,0.0
13263,0.0
40147,0.0
1222,0.0
63720,0.0
54921,0.0
62020,0.0
65407,0.0
50371,0.0
56862,0.0
53386,0.0
77767,0.0
57448,1.0
68333,0.0
21308,0.0
1969,0.0
23537,0.0
30056,0.0
67285,0.0
21837,0.0
83908,0.0
27389,0.0
31248,0.0
64006,0.0
5990,0.0
26195,0.0
26727,0.0
29233,0.0
15168,0.0
67112,0.0
37763,1.0
71550,0.0
69408,0.0
80304,0.0
15022,0.0
76890,0.0
23486,0.0
68877,0.0
2072,0.0
12309,1.0
17449,1.0
46013,1.0
31196,0.0
37641,0.0
75531,0.0
9253,0.0
87055,0.0
46662,0.0
34285,0.0
15499,0.0
10722,1.0
49175,0.0
3597,1.0
40868,0.0
72024,0.0
72936,0.0
77188,0.0
60240,0.0
61142,0.0
16588,0.0
82187,0.0
85481,0.0
35680,0.0
89395,0.0
51853,0.0
71634,0.0
16280,0.0
84276,0.0
12823,0.0
55191,0.0
33847,0.0
8380,0.0
1035,0.0
82248,0.0
68145,0.0
22276,0.0
80015,0.0
49174,0.0
70180,0.0
70271,1.0
64402,0.0
25956,0.0
31917,0.0
35660,0.0
37412,0.0
71210,0.0
15201,0.0
59242,0.0
85405,0.0
5800,0.0
8890,0.0
13572,0.0
54338,0.0
34609,0.0
66428,0.0
76840,0.0
67283,0.0
89359,0.0
71172,0.0
81299,0.0
72261,0.0
50717,0.0
37833,1.0
4047,0.0
83751,1.0
79002,1.0
72268,0.0
48300,0.0
37239,1.0
53623,0.0
32173,0.0
29716,0.0
44408,0.0
46809,0.0
57564,0.0
75798,0.0
19614,0.0
74027,0.0
85040,0.0
44110,0.0
86137,0.0
12232,0.0
16951,0.0
91298,0.0
54800,0.0
18921,0.0
29087,0.0
90560,0.0
25969,0.0
40106,1.0
61883,0.0
40514,0.0
78808,0.0
69476,0.0
35656,0.0
62500,0.0
59843,0.0
63926,0.0
2368,0.0
55824,0.0
45701,0.0
65976,0.0
53754,1.0
6098,0.0
89422,0.0
72904,0.0
22826,0.0
71608,0.0
12067,0.0
49184,1.0
13400,0.0
53074,0.0
28448,0.0
71046,0.0
50874,0.0
53195,0.0
91605,0.0
90738,0.0
82078,0.0
46602,0.0
83280,0.0
88414,0.0
21610,1.0
82127,0.0
89375,0.0
74364,1.0
68082,0.0
17022,0.0
762,1.0
77590,0.0
66984,0.0
78329,0.0
70336,0.0
16686,0.0
80617,0.0
17755,0.0
13984,0.0
87939,1.0
47631,0.0
22002,0.0
131,0.0
79279,0.0
87771,1.0
7205,0.0
45237,0.0
25508,0.0
56952,0.0
78849,0.0
59437,0.0
20483,0.0
84472,0.0
21613,0.0
55080,0.0
8080,0.0
81921,0.0
8314,0.0
58025,0.0
14346,0.0
18153,0.0
11094,0.0
55053,0.0
33991,0.0
60608,0.0
54325,0.0
90002,0.0
47710,0.0
62233,0.0
52741,0.0
21820,0.0
87843,0.0
54310,0.0
48239,0.0
43723,0.0
83150,0.0
52707,0.0
78973,0.0
13946,1.0
14020,0.0
40635,0.0
6828,0.0
76249,0.0
43019,1.0
85337,0.0
29904,0.0
47421,0.0
483,0.0
26942,0.0
64841,0.0
77345,0.0
83574,0.0
19620,0.0
89498,0.0
20112,0.0
36625,0.0
76932,0.0
28104,0.0
63482,0.0
68967,0.0
14018,0.0
39560,1.0
44502,0.0
14781,0.0
21293,0.0
11623,0.0
91074,0.0
17870,0.0
65588,0.0
65866,0.0
89145,0.0
14798,0.0
14553,0.0
73128,0.0
19994,0.0
74145,0.0
55322,0.0
8777,0.0
66314,0.0
31922,0.0
6861,0.0
70634,0.0
12588,0.0
83125,0.0
65590,0.0
49644,0.0
48577,0.0
51783,0.0
44004,0.0
64146,0.0
75509,0.0
35683,0.0
88305,0.0
5381,0.0
11096,0.0
72567,0.0
16418,0.0
3263,0.0
13959,0.0
86425,0.0
76337,0.0
48886,0.0
79059,0.0
5626,0.0
50323,0.0
68460,0.0
12412,0.0
21761,0.0
91637,0.0
33454,0.0
12868,0.0
51822,0.0
854,0.0
3459,0.0
62696,0.0
76055,0.0
90128,0.0
8678,0.0
14329,0.0
90632,0.0
38966,0.0
36633,0.0
28793,0.0
16400,0.0
61881,0.0
21375,0.0
18354,0.0
30316,0.0
86358,0.0
71683,0.0
63965,0.0
52923,0.0
49717,0.0
45093,0.0
44724,0.0
62726,0.0
59377,0.0
17308,0.0
54466,0.0
2708,0.0
37706,0.0
42754,0.0
17301,0.0
3451,0.0
79483,0.0
48176,0.0
46596,0.0
49869,0.0
36208,0.0
22138,0.0
87692,0.0
209,0.0
35257,0.0
21234,0.0
52413,0.0
49141,1.0
74893,0.0
67402,0.0
63844,0.0
84889,0.0
1887,0.0
63129,0.0
12568,0.0
89596,0.0
28489,0.0
34884,0.0
65641,0.0
65320,0.0
285,0.0
78951,0.0
68465,0.0
54957,0.0
30785,0.0
19650,0.0
6222,0.0
16710,0.0
37015,0.0
34996,0.0
48075,0.0
35305,0.0
86472,0.0
68428,0.0
87623,0.0
31689,0.0
26612,0.0
15544,0.0
873,0.0
51383,0.0
55270,0.0
2118,0.0
27208,0.0
38795,0.0
33911,0.0
53884,0.0
64710,0.0
2355,0.0
23976,0.0
2244,1.0
47361,0.0
34773,0.0
58917,0.0
62096,1.0
4880,0.0
79133,0.0
29968,0.0
9337,0.0
17819,0.0
33417,0.0
1963,0.0
63702,0.0
42069,0.0
90907,0.0
77076,0.0
85917,0.0
7546,0.0
49726,0.0
1831,0.0
21295,0.0
51872,0.0
86029,0.0
26209,0.0
67661,0.0
52152,0.0
43693,0.0
30569,0.0
20795,0.0
16711,0.0
2125,1.0
43602,0.0
62478,0.0
81552,0.0
83164,0.0
78257,0.0
32839,0.0
72340,0.0
65870,0.0
90696,0.0
52574,0.0
14366,0.0
2594,0.0
78091,1.0
42950,0.0
28066,0.0
72031,0.0
71628,0.0
58294,0.0
45055,0.0
22257,0.0
86563,0.0
79846,0.0
41351,0.0
31710,0.0
50958,0.0
27146,0.0
23817,0.0
287,0.0
58140,0.0
25909,0.0
18621,0.0
61404,0.0
77778,0.0
43620,0.0
48352,0.0
64528,0.0
49882,0.0
15676,0.0
43962,0.0
34529,0.0
49932,0.0
18157,0.0
77645,0.0
68179,0.0
22215,0.0
9971,0.0
45485,0.0
55260,1.0
27490,0.0
33351,0.0
33521,0.0
25888,0.0
38832,0.0
46986,0.0
17323,1.0
51342,1.0
75256,0.0
87283,0.0
46983,0.0
9429,0.0
90520,1.0
65038,0.0
39565,0.0
46087,0.0
41079,1.0
24668,0.0
88209,0.0
36351,0.0
32003,0.0
73124,0.0
34283,0.0
59493,0.0
21656,0.0
8774,0.0
4044,0.0
91577,0.0
36998,0.0
13386,0.0
82687,0.0
87308,1.0
14010,0.0
8816,0.0
26590,0.0
4815,0.0
32790,0.0
47465,0.0
38205,1.0
6540,0.0
28097,0.0
24980,0.0
77583,0.0
33206,0.0
18471,0.0
42232,1.0
36027,0.0
73298,0.0
6175,0.0
91374,0.0
35320,0.0
2946,0.0
59762,0.0
89414,0.0
76909,0.0
72149,1.0
23867,0.0
58733,0.0
23845,0.0
3206,0.0
65104,0.0
32087,0.0
43877,0.0
61145,0.0
21068,0.0
51052,0.0
2439,1.0
45921,0.0
50704,0.0
11822,0.0
32198,0.0
15010,1.0
10046,0.0
26696,0.0
35912,0.0
48539,0.0
61605,0.0
29138,0.0
45537,1.0
89247,0.0
72690,0.0
78317,0.0
3260,0.0
78188,0.0
27863,0.0
38254,0.0
13740,0.0
5056,0.0
72877,0.0
43977,0.0
2615,1.0
66810,0.0
16275,0.0
81315,0.0
68609,0.0
78069,0.0
65480,0.0
1252,0.0
59984,0.0
18202,0.0
44431,0.0
49989,0.0
83914,0.0
21151,0.0
22886,0.0
27078,0.0
52776,0.0
15415,0.0
15570,0.0
2347,0.0
41786,0.0
61657,0.0
25543,1.0
32472,0.0
18788,0.0
54911,0.0
47316,0.0
33567,0.0
48027,0.0
2584,0.0
18732,0.0
48045,0.0
10467,0.0
27144,0.0
15374,0.0
58521,0.0
7466,0.0
64155,0.0
38699,1.0
18795,0.0
50452,0.0
13903,0.0
80058,0.0
23728,0.0
87580,0.0
75430,1.0
1425,0.0
52180,0.0
23400,0.0
33552,0.0
15205,0.0
63147,0.0
25600,0.0
18829,0.0
43972,0.0
33802,0.0
29611,1.0
69765,0.0
40416,0.0
82179,1.0
60726,0.0
33064,0.0
29085,0.0
20459,1.0
66909,0.0
20805,0.0
44639,0.0
2040,0.0
81230,0.0
77542,0.0
57765,0.0
40360,0.0
68156,0.0
41065,0.0
24438,0.0
71005,0.0
62147,0.0
52937,0.0
39419,0.0
2661,0.0
53879,0.0
72328,0.0
6549,0.0
38852,0.0
67071,0.0
74555,0.0
9515,0.0
73078,0.0
1152,0.0
56656,0.0
52517,0.0
1206,0.0
24856,0.0
89408,1.0
22220,0.0
31119,0.0
85098,0.0
3111,0.0
10679,0.0
42876,0.0
11851,0.0
46060,0.0
72760,0.0
4392,0.0
46626,0.0
34858,0.0
6106,0.0
57295,0.0
7279,0.0
41000,0.0
7673,0.0
70993,0.0
26110,0.0
61272,0.0
74754,0.0
82492,0.0
5307,0.0
83654,0.0
62673,0.0
82469,0.0
9846,0.0
11133,0.0
4698,0.0
80010,0.0
91093,0.0
38356,0.0
31237,0.0
85128,0.0
13668,0.0
44779,0.0
140,1.0
31283,0.0
66652,0.0
38544,0.0
19920,0.0
75505,0.0
23387,0.0
13069,0.0
8155,0.0
65167,0.0
71546,0.0
17922,0.0
79788,0.0
44737,0.0
53746,0.0
45398,0.0
32272,1.0
43179,0.0
55000,0.0
45365,0.0
59834,0.0
63652,0.0
46628,0.0
19786,0.0
13913,0.0
53895,0.0
23259,0.0
86708,0.0
17281,0.0
44933,0.0
62777,0.0
47991,0.0
15551,0.0
87220,0.0
12303,0.0
22144,0.0
62464,0.0
10888,0.0
58924,0.0
8588,0.0
77692,0.0
32688,0.0
4400,1.0
71388,0.0
34172,0.0
66278,0.0
41155,0.0
44904,0.0
19379,0.0
72503,0.0
86985,0.0
5750,0.0
77082,0.0
77623,0.0
8238,0.0
49630,0.0
22151,0.0
86999,0.0
80413,0.0
43766,0.0
32305,0.0
46975,0.0
82183,0.0
84721,0.0
48280,0.0
23357,0.0
51448,0.0
7225,0.0
56569,0.0
16417,0.0
85354,0.0
87304,0.0
50471,1.0
53237,1.0
39880,0.0
7452,1.0
44448,0.0
80952,0.0
52108,0.0
56248,0.0
69116,0.0
65471,0.0
55874,0.0
27618,0.0
66737,0.0
22303,0.0
58916,0.0
58720,0.0
19895,0.0
37880,0.0
38451,0.0
28948,0.0
59866,0.0
91086,0.0
4719,1.0
86695,0.0
60381,0.0
81537,0.0
2481,0.0
22962,0.0
31301,0.0
19491,0.0
67998,0.0
18991,0.0
82102,0.0
55798,0.0
74640,0.0
57455,1.0
5458,0.0
27808,0.0
2450,0.0
88146,0.0
72035,0.0
22728,0.0
66250,0.0
61586,1.0
16365,0.0
17720,0.0
71448,0.0
8911,0.0
82817,0.0
56117,0.0
11681,1.0
54451,0.0
61988,0.0
51897,0.0
20853,0.0
68452,0.0
18953,0.0
44297,0.0
17033,0.0
12333,0.0
89836,0.0
54029,0.0
4939,0.0
87422,0.0
62811,0.0
68922,0.0
90766,0.0
72899,0.0
17177,0.0
54045,0.0
64781,0.0
88283,0.0
4754,0.0
4727,0.0
42910,0.0
44161,0.0
13467,0.0
22952,0.0
68347,0.0
22399,0.0
43550,0.0
72886,0.0
43490,1.0
81083,0.0
34009,0.0
90103,0.0
35457,1.0
61220,0.0
20412,0.0
14794,0.0
42976,0.0
11729,0.0
57889,0.0
83171,0.0
51162,0.0
45314,0.0
27441,0.0
53006,0.0
18007,0.0
17536,1.0
89208,0.0
46162,0.0
75320,0.0
40055,0.0
3655,0.0
47199,0.0
49649,0.0
47433,0.0
55815,0.0
57309,0.0
13031,0.0
87323,0.0
86177,0.0
86438,0.0
66181,0.0
90223,1.0
21324,0.0
90249,0.0
4217,0.0
80356,0.0
14814,0.0
27944,0.0
11583,0.0
6661,0.0
39798,0.0
31201,0.0
18762,1.0
14498,0.0
19981,0.0
73034,0.0
76324,0.0
6014,0.0
21895,0.0
33808,0.0
53561,0.0
52829,0.0
57160,0.0
70082,0.0
67435,0.0
19255,1.0
26133,0.0
21081,0.0
77375,1.0
10966,1.0
82667,0.0
34775,0.0
13924,0.0
63209,0.0
60600,0.0
75404,0.0
62172,0.0
32203,0.0
62132,0.0
87911,0.0
16500,0.0
54445,0.0
81176,0.0
86752,0.0
68385,0.0
49588,0.0
54309,0.0
2173,0.0
25520,0.0
28274,0.0
38506,0.0
17362,0.0
69070,0.0
53020,0.0
42576,0.0
36360,0.0
72754,0.0
14539,0.0
15354,0.0
25726,0.0
43005,0.0
87827,0.0
29263,0.0
81532,0.0
20139,0.0
24695,1.0
88170,0.0
39057,0.0
40692,1.0
17238,0.0
82061,0.0
22985,0.0
65157,0.0
26179,0.0
2702,1.0
87224,0.0
20330,0.0
14438,0.0
77810,0.0
56622,1.0
72620,1.0
564,0.0
25433,1.0
38582,1.0
75297,0.0
54173,1.0
63342,0.0
15730,0.0
40766,0.0
84057,0.0
704,0.0
42000,1.0
587,0.0
23760,0.0
46288,0.0
49093,0.0
22861,1.0
86249,0.0
48453,0.0
74131,0.0
78365,1.0
73694,0.0
83798,0.0
57943,0.0
49382,0.0
33637,0.0
32699,0.0
56364,0.0
43289,1.0
30527,0.0
61265,0.0
81587,0.0
36398,0.0
29625,0.0
59831,0.0
42471,0.0
56451,0.0
82197,0.0
51302,0.0
33616,0.0
65589,0.0
80526,0.0
29067,0.0
13995,0.0
87959,0.0
36542,0.0
30011,0.0
45414,0.0
82540,0.0
81428,0.0
11143,0.0
68301,0.0
74337,0.0
70751,0.0
87967,0.0
62450,1.0
89826,0.0
6265,0.0
77336,0.0
48737,0.0
14035,0.0
85352,0.0
76,1.0
16451,0.0
53498,0.0
56377,0.0
91423,0.0
47372,0.0
34388,0.0
79262,0.0
55889,0.0
31269,0.0
3446,0.0
41444,0.0
1258,0.0
77981,0.0
73153,0.0
32236,0.0
74952,0.0
70182,0.0
87,1.0
58201,0.0
39122,0.0
7939,0.0
68062,0.0
91377,0.0
21235,0.0
63240,0.0
13430,0.0
75464,0.0
82567,0.0
34534,0.0
91269,0.0
31404,0.0
80052,0.0
510,0.0
28846,0.0
51865,0.0
1650,0.0
36667,0.0
77978,0.0
8115,0.0
27552,0.0
50873,0.0
79218,0.0
64600,0.0
74073,0.0
17713,0.0
59478,0.0
11453,0.0
84688,0.0
86383,0.0
21159,0.0
40693,1.0
24359,0.0
54311,0.0
59418,0.0
796,1.0
9344,0.0
63161,0.0
44772,0.0
25331,0.0
39956,0.0
68656,0.0
34272,0.0
70615,0.0
51778,0.0
67652,0.0
44258,0.0
60048,0.0
46120,0.0
58665,0.0
17268,0.0
73890,1.0
76623,0.0
46246,0.0
63629,0.0
71099,0.0
85329,0.0
81459,0.0
993,0.0
58965,0.0
13282,0.0
26092,1.0
48103,0.0
40001,0.0
64730,0.0
19074,0.0
54333,0.0
44533,0.0
55670,0.0
44273,0.0
88060,0.0
78712,0.0
57817,0.0
72489,0.0
72963,0.0
86385,0.0
33691,0.0
63001,0.0
34335,1.0
47334,0.0
77774,0.0
32326,0.0
56736,0.0
31759,0.0
3416,0.0
63038,0.0
80448,0.0
84799,0.0
3875,0.0
77937,0.0
10890,0.0
40980,1.0
5088,0.0
48369,0.0
88253,0.0
42765,0.0
85324,0.0
5837,0.0
46028,0.0
13226,0.0
793,1.0
46380,0.0
12005,0.0
34924,0.0
70122,0.0
22175,0.0
48198,0.0
38405,0.0
7420,0.0
4942,0.0
12729,0.0
71729,0.0
30689,0.0
714,0.0
39239,0.0
61678,0.0
4992,0.0
24484,0.0
12289,0.0
45980,0.0
38771,0.0
69798,0.0
57637,0.0
75035,0.0
4006,0.0
47723,1.0
24903,0.0
90503,0.0
56119,0.0
91395,0.0
30350,0.0
88424,0.0
32260,0.0
86282,0.0
33005,0.0
47486,0.0
80110,0.0
66554,0.0
77106,0.0
39137,0.0
88279,0.0
22158,0.0
8985,0.0
32713,0.0
80958,0.0
1224,0.0
33716,0.0
55864,0.0
30026,0.0
38745,0.0
21436,1.0
17054,0.0
45041,0.0
33299,0.0
74227,0.0
30016,0.0
63239,0.0
82728,1.0
43916,0.0
12042,0.0
42612,0.0
66316,0.0
86422,0.0
85276,0.0
60401,0.0
66344,0.0
51561,0.0
51860,0.0
26802,0.0
69360,0.0
56532,1.0
49237,0.0
25393,1.0
63515,0.0
72966,0.0
39746,0.0
45606,0.0
26917,1.0
81626,0.0
24296,0.0
5244,0.0
25307,0.0
50706,0.0
60275,0.0
73572,0.0
31026,0.0
72528,0.0
23523,0.0
47084,0.0
35006,0.0
39077,0.0
64854,0.0
18217,0.0
81708,0.0
33193,0.0
79861,0.0
72916,0.0
45822,0.0
53811,0.0
55359,0.0
29429,0.0
40636,0.0
83060,0.0
15782,0.0
64764,0.0
14223,0.0
85459,1.0
78691,0.0
67118,0.0
30502,0.0
32473,0.0
64876,0.0
67138,0.0
69151,0.0
30649,0.0
65829,0.0
19420,0.0
49496,0.0
31612,0.0
85834,0.0
39467,0.0
21330,0.0
14162,0.0
78285,0.0
11639,0.0
49788,0.0
55771,0.0
12946,0.0
35290,0.0
9249,0.0
18674,0.0
5583,0.0
50277,0.0
71074,0.0
16031,0.0
7910,0.0
72425,0.0
46584,0.0
42227,0.0
77265,1.0
49427,0.0
58542,0.0
17611,0.0
27103,0.0
17143,1.0
59864,0.0
50348,0.0
39072,0.0
31229,0.0
56979,0.0
32698,1.0
17034,0.0
66754,0.0
5340,0.0
77620,0.0
46818,0.0
87275,0.0
60409,0.0
25843,0.0
47468,0.0
66302,1.0
275,0.0
61160,0.0
77831,0.0
48519,0.0
17484,0.0
37366,0.0
2721,0.0
39006,0.0
78785,0.0
5386,0.0
3456,0.0
48553,0.0
26950,0.0
84390,0.0
16035,0.0
55258,1.0
72396,0.0
37214,0.0
62752,0.0
86222,0.0
37922,0.0
81890,0.0
393,1.0
1486,0.0
61862,0.0
71397,0.0
49432,1.0
55447,0.0
42044,0.0
57506,0.0
63673,0.0
42901,0.0
22233,1.0
90863,0.0
91436,0.0
20637,0.0
32219,0.0
17124,0.0
25660,0.0
364,0.0
31769,0.0
56877,0.0
73477,0.0
28925,1.0
34527,0.0
53770,0.0
31372,0.0
23399,0.0
69359,0.0
88892,0.0
58107,0.0
74483,0.0
82083,0.0
15234,0.0
74179,0.0
68601,0.0
56133,0.0
39339,0.0
66338,0.0
11249,0.0
12496,0.0
80100,0.0
75993,0.0
65973,0.0
90141,0.0
67790,0.0
50945,0.0
82824,0.0
19527,0.0
37522,0.0
44973,0.0
52306,0.0
39124,0.0
11955,0.0
63949,0.0
65324,0.0
54051,0.0
40125,0.0
21485,0.0
42032,0.0
89916,0.0
40455,0.0
72321,0.0
78775,0.0
60276,0.0
77593,0.0
64061,0.0
2129,0.0
25299,0.0
71379,0.0
60601,0.0
63017,0.0
23296,0.0
53174,0.0
67996,0.0
72660,0.0
65935,0.0
18041,0.0
3085,0.0
22811,0.0
44932,0.0
81772,0.0
44552,0.0
84306,0.0
38693,1.0
50799,0.0
55780,0.0
67415,0.0
80870,0.0
48095,0.0
88526,0.0
71262,0.0
34912,0.0
79411,0.0
87193,0.0
5856,0.0
16693,0.0
41428,0.0
15065,0.0
73851,0.0
8502,0.0
10381,0.0
67267,0.0
4443,0.0
17274,0.0
47239,0.0
54613,0.0
85536,0.0
82890,0.0
17912,0.0
83055,0.0
64436,0.0
79461,0.0
72482,0.0
81492,0.0
43692,0.0
74892,0.0
67894,0.0
3141,0.0
36117,0.0
85272,0.0
87197,0.0
74146,0.0
41069,0.0
69097,0.0
5353,0.0
19628,0.0
53444,0.0
5834,0.0
42150,0.0
21475,0.0
31668,0.0
31299,0.0
81404,0.0
62769,0.0
3985,0.0
10788,0.0
42375,0.0
33262,0.0
79811,0.0
38945,0.0
53941,0.0
82654,0.0
8865,0.0
64210,0.0
56212,0.0
64100,0.0
68555,0.0
86845,0.0
20077,0.0
49849,1.0
17772,0.0
69010,0.0
41024,1.0
55846,0.0
7262,0.0
14690,1.0
57881,0.0
18107,0.0
83919,0.0
66714,0.0
75857,0.0
40409,0.0
8134,0.0
29813,0.0
68982,0.0
17967,0.0
41993,0.0
8962,0.0
59476,0.0
9327,0.0
62693,0.0
37108,0.0
74938,0.0
37807,0.0
40502,0.0
19724,0.0
41815,1.0
63369,0.0
75243,0.0
22543,0.0
56008,0.0
71669,0.0
49027,0.0
23173,0.0
79589,0.0
33446,0.0
49504,0.0
11466,0.0
27766,0.0
37164,0.0
78980,0.0
30942,0.0
61254,0.0
19506,0.0
60142,0.0
40505,1.0
82718,0.0
31106,0.0
5488,1.0
72940,0.0
25244,0.0
43121,0.0
50492,1.0
3701,0.0
66775,0.0
74537,0.0
32340,0.0
12939,0.0
87769,0.0
21461,0.0
77276,0.0
51421,0.0
25056,0.0
22146,1.0
8839,0.0
62449,0.0
74464,0.0
23342,0.0
68269,0.0
4658,0.0
55692,0.0
174,0.0
80273,0.0
1832,0.0
62451,0.0
35309,0.0
40660,0.0
55007,0.0
20057,0.0
30893,0.0
2494,0.0
35965,0.0
21790,1.0
85932,0.0
37111,0.0
40593,0.0
10735,1.0
47447,0.0
74995,0.0
90246,0.0
3089,0.0
31142,0.0
90311,0.0
71400,1.0
39465,0.0
19108,0.0
1953,0.0
68329,0.0
79426,0.0
27121,0.0
58095,0.0
62833,0.0
34566,0.0
36748,1.0
2242,0.0
6525,0.0
26146,0.0
50561,0.0
9533,0.0
13564,0.0
2245,0.0
35030,0.0
25250,0.0
24373,0.0
62890,0.0
10035,0.0
47470,0.0
73212,0.0
57145,0.0
53186,0.0
74656,0.0
13379,0.0
72681,0.0
15928,0.0
38928,0.0
66169,0.0
53325,0.0
28328,0.0
43833,0.0
46615,0.0
60096,0.0
54380,0.0
68067,0.0
61161,0.0
82105,0.0
32663,0.0
67170,0.0
8809,0.0
90172,0.0
65645,0.0
64590,0.0
21239,0.0
8644,0.0
2989,0.0
68980,0.0
45515,0.0
8787,0.0
61041,1.0
80931,0.0
80532,0.0
6809,0.0
88609,0.0
49269,0.0
31798,0.0
70492,0.0
39486,0.0
49641,0.0
17786,0.0
31066,1.0
53129,0.0
53601,0.0
63476,0.0
32169,0.0
59837,0.0
41928,0.0
26185,0.0
20826,0.0
72036,0.0
47076,0.0
88972,0.0
25965,0.0
28714,0.0
43200,0.0
51746,0.0
23154,0.0
13944,0.0
59074,0.0
28795,0.0
27274,0.0
58608,0.0
62238,0.0
22651,0.0
25735,0.0
17634,0.0
91658,1.0
33058,0.0
50178,0.0
64208,0.0
55220,0.0
5027,0.0
11021,0.0
32489,0.0
18993,0.0
64736,0.0
51367,0.0
33085,0.0
77021,0.0
17854,0.0
34066,0.0
70474,0.0
91151,0.0
65894,0.0
85871,0.0
79417,0.0
53438,0.0
43810,0.0
77589,0.0
51512,0.0
39155,0.0
48662,0.0
87520,0.0
1074,0.0
47669,0.0
3337,0.0
51474,0.0
37248,0.0
6783,0.0
73737,0.0
7497,0.0
20747,0.0
80626,0.0
20666,0.0
42682,0.0
38802,0.0
70683,0.0
8886,0.0
71191,0.0
49687,0.0
77790,0.0
38762,1.0
34717,0.0
21939,0.0
67735,0.0
89101,0.0
81167,0.0
67167,0.0
85819,0.0
54484,0.0
38939,0.0
12846,0.0
43419,0.0
45901,0.0
37284,0.0
13518,0.0
3772,0.0
55020,1.0
43648,0.0
2531,0.0
90826,0.0
1794,0.0
47638,0.0
7295,0.0
17673,0.0
16974,0.0
20653,0.0
60954,0.0
38809,0.0
12153,0.0
41879,0.0
14284,0.0
12259,0.0
64675,0.0
52508,0.0
53962,0.0
42184,0.0
81021,0.0
21146,0.0
81100,0.0
346,0.0
90789,0.0
24426,0.0
13762,0.0
76442,0.0
53935,0.0
52618,0.0
84166,0.0
87751,0.0
42581,0.0
76190,0.0
13839,0.0
13831,0.0
11597,0.0
54427,0.0
17724,0.0
5777,0.0
32753,0.0
44862,1.0
65926,0.0
6319,0.0
52349,0.0
9146,0.0
21876,1.0
84809,0.0
45716,0.0
53067,0.0
81792,0.0
22584,0.0
38594,0.0
66654,1.0
40271,0.0
3383,1.0
55697,0.0
3140,0.0
34890,0.0
43755,0.0
90238,0.0
61573,0.0
27831,0.0
43960,0.0
17037,0.0
42646,0.0
72849,0.0
68322,0.0
18785,0.0
30792,0.0
11779,0.0
43143,0.0
37087,0.0
91596,0.0
29857,0.0
20087,0.0
36175,0.0
73482,0.0
66911,0.0
6015,0.0
67073,0.0
56464,0.0
30539,0.0
22222,0.0
50102,1.0
67749,0.0
91032,0.0
38705,0.0
57806,0.0
75768,0.0
23633,0.0
66193,0.0
59306,0.0
28352,0.0
86807,0.0
28820,0.0
82338,0.0
78748,0.0
25265,0.0
83050,0.0
45307,0.0
21487,0.0
1460,0.0
29053,0.0
6242,1.0
83020,0.0
11445,0.0
36846,0.0
2928,0.0
34675,0.0
58323,1.0
55094,0.0
6907,0.0
81561,0.0
79079,0.0
7922,0.0
21548,0.0
6289,0.0
37397,0.0
67386,0.0
78342,0.0
46930,0.0
79181,0.0
24829,0.0
24032,0.0
66025,0.0
32226,0.0
24635,0.0
26164,0.0
26012,0.0
3014,0.0
54306,1.0
60602,0.0
44676,0.0
88130,0.0
17838,0.0
14523,0.0
27182,0.0
30306,0.0
85137,0.0
44323,0.0
5356,0.0
81756,0.0
78436,0.0
59976,0.0
27629,0.0
61144,0.0
64818,0.0
24280,1.0
21255,0.0
48284,0.0
80178,0.0
39592,0.0
77764,0.0
57126,0.0
75199,1.0
39265,0.0
18436,0.0
16173,0.0
22099,0.0
44180,0.0
38669,0.0
19520,0.0
89068,0.0
50883,0.0
68591,0.0
70061,0.0
16979,0.0
59985,0.0
58227,0.0
54902,0.0
54087,0.0
29954,0.0
84787,0.0
40324,0.0
81288,0.0
11871,0.0
23642,0.0
65002,0.0
35049,0.0
5903,0.0
13128,1.0
83607,0.0
16470,0.0
5364,0.0
22114,0.0
22558,0.0
68546,0.0
90730,0.0
20576,0.0
58746,0.0
51642,0.0
61837,0.0
61324,0.0
19979,0.0
56452,0.0
27244,0.0
24713,0.0
48700,1.0
29191,0.0
36887,0.0
110,0.0
80378,0.0
50581,0.0
4514,0.0
28616,0.0
71073,0.0
48330,0.0
58,0.0
40365,0.0
84751,0.0
7392,0.0
59258,0.0
76770,0.0
45935,0.0
11327,0.0
80198,0.0
42133,0.0
46597,1.0
68542,1.0
32974,0.0
88512,0.0
29022,0.0
50026,0.0
17683,0.0
72732,0.0
42685,0.0
59789,0.0
24631,1.0
24490,1.0
49012,0.0
25402,0.0
13346,0.0
88890,0.0
91612,0.0
64507,0.0
79624,0.0
31009,0.0
55993,0.0
57333,0.0
23702,0.0
56195,0.0
30564,0.0
39521,0.0
37739,0.0
23612,0.0
71297,0.0
36222,0.0
32609,0.0
39273,0.0
42154,0.0
59683,0.0
2467,1.0
56192,0.0
9896,0.0
86836,0.0
53779,0.0
58898,0.0
62312,0.0
44512,0.0
38447,0.0
58388,0.0
25611,0.0
13801,0.0
59506,0.0
10092,0.0
24154,0.0
53722,0.0
22776,0.0
3395,0.0
8050,0.0
23287,0.0
57074,0.0
35889,0.0
31058,1.0
40053,0.0
77468,0.0
37176,0.0
11906,0.0
6099,0.0
71974,0.0
5140,1.0
76484,0.0
15697,0.0
4831,0.0
66575,1.0
20703,0.0
19156,0.0
75323,0.0
80985,0.0
90177,0.0
3733,0.0
62855,0.0
24053,0.0
50352,0.0
12859,0.0
56432,0.0
79572,0.0
30556,0.0
57795,0.0
64975,0.0
48124,0.0
64831,0.0
58438,0.0
68713,0.0
51548,0.0
41083,1.0
85622,0.0
87633,0.0
84279,0.0
1488,0.0
81616,0.0
34487,0.0
81646,0.0
62674,0.0
62329,0.0
11580,0.0
42786,0.0
32438,1.0
6928,0.0
71681,0.0
91212,0.0
3176,0.0
6093,1.0
28186,1.0
40525,0.0
37651,0.0
35995,0.0
41089,0.0
37405,0.0
46992,1.0
11817,0.0
57334,0.0
57538,0.0
58372,0.0
5428,0.0
52493,0.0
55421,1.0
3898,0.0
73870,0.0
59164,1.0
71040,0.0
42,0.0
85746,0.0
74192,0.0
9543,1.0
3166,0.0
73244,0.0
13920,0.0
25050,0.0
33741,0.0
35929,0.0
53924,0.0
30884,0.0
8016,0.0
6681,0.0
36005,0.0
81801,0.0
363,0.0
38671,0.0
88468,0.0
33562,1.0
44163,0.0
10043,0.0
59036,0.0
45169,0.0
43509,0.0
63191,0.0
17468,0.0
20452,0.0
59205,0.0
88430,0.0
59262,0.0
86008,0.0
55753,0.0
75853,0.0
34226,0.0
71092,0.0
76635,0.0
27154,0.0
585,0.0
79074,0.0
74309,0.0
65731,0.0
48489,0.0
83461,0.0
44422,0.0
64149,0.0
61944,0.0
6291,0.0
76299,0.0
31945,0.0
37011,0.0
68482,0.0
39846,0.0
78316,0.0
23441,0.0
55448,0.0
44402,0.0
22395,0.0
52901,0.0
8892,0.0
26424,0.0
27741,0.0
49190,0.0
71759,0.0
26886,0.0
79991,0.0
2280,0.0
59028,0.0
42200,0.0
36143,0.0
6989,1.0
9394,0.0
74165,0.0
19203,0.0
50135,0.0
38483,0.0
86842,0.0
17364,0.0
90674,0.0
19874,1.0
42973,0.0
81548,0.0
76406,0.0
11755,0.0
55747,0.0
72749,0.0
54085,0.0
54761,0.0
9592,0.0
52410,0.0
34688,0.0
46050,0.0
6439,0.0
17623,0.0
79116,0.0
79295,0.0
41780,0.0
34161,0.0
82168,0.0
42458,0.0
78027,0.0
90339,0.0
35198,0.0
40925,0.0
65564,0.0
15192,0.0
59878,0.0
49203,0.0
13625,0.0
50623,0.0
40694,0.0
3285,0.0
85987,0.0
32796,0.0
83693,0.0
86337,0.0
35304,0.0
28879,1.0
85283,0.0
30489,0.0
90366,0.0
40534,0.0
90277,0.0
87430,0.0
30288,0.0
43113,0.0
48714,0.0
75315,0.0
39308,0.0
81294,0.0
80330,0.0
12137,0.0
12485,0.0
38314,0.0
30477,0.0
79068,0.0
45738,0.0
54236,0.0
14741,0.0
37472,0.0
33547,0.0
34656,0.0
12038,0.0
23861,1.0
38496,0.0
82661,1.0
75984,0.0
6885,0.0
4360,0.0
37055,0.0
5162,1.0
10245,0.0
51098,1.0
24816,1.0
91156,0.0
46964,0.0
26855,0.0
37163,0.0
39814,1.0
7585,0.0
9330,0.0
78198,0.0
22716,0.0
69760,0.0
71700,0.0
44759,0.0
1308,0.0
87151,0.0
34249,1.0
46703,0.0
61114,0.0
80818,0.0
12352,0.0
22963,0.0
63930,0.0
71688,0.0
50207,0.0
46657,0.0
1416,0.0
24371,0.0
36285,1.0
64348,0.0
49484,0.0
33659,1.0
18643,0.0
22671,0.0
54813,0.0
21511,0.0
33703,0.0
8800,0.0
61849,0.0
69046,0.0
2987,1.0
69392,0.0
13381,0.0
44330,0.0
72284,0.0
73334,1.0
16991,0.0
1295,0.0
1735,0.0
88412,0.0
47861,0.0
90355,0.0
67236,0.0
22208,0.0
34903,0.0
48655,1.0
86647,0.0
29654,0.0
62346,0.0
70722,0.0
60914,0.0
896,0.0
42705,0.0
67345,0.0
47915,0.0
55301,0.0
35260,0.0
52,0.0
43411,0.0
18968,0.0
13493,0.0
23984,0.0
45587,0.0
17121,0.0
17550,0.0
63643,0.0
17522,0.0
55366,0.0
79032,0.0
53499,0.0
18601,0.0
20956,0.0
794,0.0
23989,0.0
80432,0.0
26467,0.0
39399,0.0
29764,0.0
81277,0.0
5826,0.0
54992,0.0
37250,0.0
50783,0.0
87713,0.0
74230,0.0
79992,0.0
53529,0.0
22540,0.0
11520,0.0
31207,0.0
91284,1.0
21605,0.0
7386,0.0
43718,1.0
21104,0.0
35579,0.0
48377,0.0
23450,1.0
87674,0.0
60270,0.0
63639,0.0
72868,1.0
3023,0.0
61794,0.0
46343,0.0
48600,0.0
8249,0.0
85757,1.0
36382,0.0
36336,0.0
18879,0.0
65594,0.0
59942,0.0
1072,0.0
68707,0.0
45648,1.0
2453,0.0
43418,0.0
56754,0.0
23658,0.0
48762,0.0
47221,0.0
14515,1.0
7321,0.0
36857,0.0
62006,0.0
2588,0.0
13077,0.0
70006,0.0
40436,1.0
5446,0.0
25488,0.0
16286,1.0
90679,0.0
25,1.0
54408,0.0
23811,0.0
14353,1.0
46304,1.0
90960,0.0
90111,0.0
59401,0.0
60316,0.0
84047,0.0
50929,0.0
82651,0.0
25596,0.0
71120,0.0
89036,0.0
7112,0.0
66008,0.0
14081,0.0
83945,0.0
11713,0.0
91685,0.0
675,0.0
46325,0.0
67600,0.0
86931,0.0
2749,0.0
10940,0.0
43985,0.0
39970,0.0
65581,0.0
73531,0.0
15998,0.0
36020,0.0
35097,0.0
76594,0.0
67022,0.0
59056,0.0
48845,0.0
63196,0.0
40060,0.0
35350,0.0
67578,0.0
38046,0.0
65722,0.0
76580,0.0
54989,1.0
67507,0.0
62498,0.0
16583,0.0
27129,1.0
90930,0.0
58364,0.0
49925,0.0
82663,0.0
77843,0.0
26293,0.0
31549,1.0
29708,0.0
49333,0.0
81407,0.0
21416,0.0
48908,0.0
86588,1.0
39516,0.0
14877,0.0
16607,0.0
5470,0.0
34,0.0
63078,0.0
88245,0.0
64214,0.0
35330,0.0
49026,0.0
44461,0.0
18770,0.0
65341,0.0
52395,1.0
2444,0.0
32679,0.0
30270,0.0
39535,0.0
40573,0.0
43859,0.0
58749,0.0
7731,0.0
36655,0.0
84684,0.0
91460,0.0
55920,0.0
62087,0.0
80775,0.0
10954,0.0
69881,1.0
8353,0.0
5868,0.0
12439,0.0
56721,1.0
77382,0.0
27171,0.0
4010,0.0
25569,1.0
65970,0.0
44631,0.0
16119,0.0
7269,0.0
64181,0.0
26671,0.0
46862,0.0
7938,0.0
56857,0.0
43295,0.0
71750,0.0
50796,0.0
20560,0.0
5615,0.0
3115,0.0
68619,1.0
3286,0.0
39501,0.0
28842,0.0
41450,0.0
61616,0.0
19233,1.0
44860,0.0
25821,0.0
69806,0.0
64611,0.0
8161,0.0
74904,0.0
22701,0.0
62335,0.0
2523,0.0
51730,0.0
19090,0.0
40277,0.0
56214,0.0
21815,0.0
59948,0.0
28589,0.0
51026,0.0
51690,0.0
63018,0.0
32019,0.0
65515,0.0
2759,0.0
69717,0.0
19713,0.0
9913,0.0
7037,0.0
73816,0.0
16890,0.0
83519,0.0
89882,0.0
7780,0.0
33119,0.0
54110,0.0
8070,1.0
25387,0.0
18359,0.0
16644,0.0
54400,0.0
9707,0.0
6793,0.0
26761,0.0
3739,0.0
55435,0.0
89069,0.0
89772,0.0
17711,0.0
53320,0.0
74271,0.0
68352,0.0
4969,0.0
6544,0.0
11842,0.0
1861,0.0
70422,0.0
38016,0.0
72855,0.0
23064,0.0
82527,0.0
36553,0.0
53572,0.0
88706,0.0
58750,0.0
42670,0.0
87246,0.0
85954,0.0
52236,0.0
34610,0.0
11832,0.0
89296,0.0
12176,0.0
64759,0.0
62276,1.0
78278,0.0
78985,0.0
46644,0.0
25972,0.0
4683,1.0
62412,0.0
64,1.0
34538,0.0
20456,0.0
54894,0.0
20067,0.0
39146,0.0
72127,1.0
57405,0.0
13434,0.0
70198,0.0
65484,0.0
90531,0.0
82182,0.0
55251,0.0
66500,1.0
2765,0.0
52663,0.0
14080,0.0
33414,0.0
80328,0.0
73060,0.0
48422,0.0
51669,0.0
47745,0.0
89796,0.0
81908,0.0
8450,0.0
20294,1.0
34995,1.0
33874,0.0
7775,0.0
15407,1.0
9114,0.0
56664,0.0
3730,1.0
15231,0.0
18125,0.0
79952,0.0
31315,0.0
70283,0.0
33408,0.0
51997,0.0
9659,0.0
16108,0.0
67989,0.0
90465,0.0
15660,0.0
34449,0.0
4821,0.0
2575,0.0
34400,0.0
57868,0.0
18967,0.0
6590,0.0
48117,0.0
10740,0.0
58476,0.0
35200,0.0
3914,0.0
24874,1.0
5581,0.0
59371,0.0
59879,0.0
28234,0.0
44620,0.0
43789,0.0
26716,0.0
9159,0.0
58603,0.0
45507,0.0
56603,0.0
32351,0.0
75137,0.0
23337,0.0
57279,0.0
33959,1.0
28322,0.0
28283,0.0
62658,0.0
48208,1.0
73320,0.0
69808,0.0
84797,0.0
44960,0.0
66134,0.0
35756,0.0
35285,0.0
66757,0.0
81828,0.0
7947,0.0
47319,0.0
63953,0.0
27754,0.0
67696,0.0
67490,0.0
89198,0.0
12827,1.0
61015,0.0
88266,0.0
38654,0.0
16772,0.0
73167,0.0
3975,0.0
30097,0.0
3514,0.0
86636,0.0
49360,0.0
82802,1.0
64782,0.0
17647,0.0
34694,0.0
35600,0.0
58391,0.0
81959,0.0
80559,0.0
83676,0.0
25869,0.0
13301,0.0
60939,0.0
72610,1.0
19635,0.0
27287,0.0
30595,0.0
42118,0.0
90167,1.0
12945,1.0
42507,0.0
88847,0.0
11967,0.0
50230,0.0
13906,0.0
85695,0.0
70823,0.0
60612,0.0
2447,0.0
72618,0.0
47355,0.0
42075,0.0
65621,0.0
79866,1.0
5193,0.0
43840,0.0
28587,0.0
7106,0.0
59804,0.0
31463,0.0
83545,0.0
81765,0.0
20102,0.0
44309,0.0
82548,0.0
91079,0.0
28574,0.0
21147,0.0
69148,0.0
39939,0.0
46216,0.0
33006,0.0
79303,0.0
84313,0.0
48376,0.0
9038,0.0
39588,0.0
39671,0.0
91313,0.0
81418,0.0
31587,0.0
90176,0.0
51053,0.0
3498,0.0
29760,0.0
7968,0.0
27792,0.0
78227,0.0
19238,0.0
34479,0.0
56417,0.0
70559,0.0
28318,0.0
75267,1.0
83921,0.0
16406,1.0
23540,0.0
49332,0.0
37301,0.0
25409,0.0
38589,0.0
11947,0.0
58133,0.0
84802,0.0
17971,0.0
68806,0.0
64254,0.0
87512,0.0
86946,0.0
78823,0.0
51526,0.0
83628,0.0
25404,0.0
47785,0.0
36683,0.0
70956,1.0
70726,0.0
54742,0.0
38770,1.0
40088,0.0
45715,0.0
2789,0.0
41160,1.0
83881,0.0
70865,0.0
56948,0.0
44875,0.0
70307,0.0
15550,0.0
84238,0.0
72838,0.0
77873,0.0
8905,0.0
52151,0.0
8461,0.0
31192,0.0
34495,0.0
31270,0.0
11646,0.0
65311,0.0
53717,0.0
30975,0.0
76853,0.0
870,0.0
33614,0.0
34685,0.0
86005,0.0
14259,0.0
34524,0.0
77688,0.0
63291,0.0
38789,0.0
75585,0.0
41615,0.0
2465,0.0
47857,0.0
12326,0.0
70299,0.0
76710,0.0
2399,0.0
66849,0.0
70300,0.0
58498,0.0
11039,0.0
49406,0.0
25566,0.0
65735,0.0
40107,0.0
39046,0.0
41353,0.0
90565,0.0
42708,0.0
69832,0.0
30821,0.0
22071,0.0
76262,0.0
78241,0.0
70,0.0
6173,1.0
15768,0.0
36964,0.0
9370,0.0
18444,0.0
57545,0.0
20303,0.0
75334,0.0
36487,0.0
50702,0.0
51648,0.0
12845,0.0
62431,0.0
60341,0.0
44336,0.0
3354,0.0
84614,0.0
89602,1.0
219,0.0
74120,0.0
64468,1.0
80598,0.0
27634,0.0
30227,0.0
37136,0.0
70653,0.0
56492,0.0
86603,0.0
5758,0.0
70301,1.0
18238,0.0
41374,0.0
38940,0.0
45525,0.0
8751,0.0
40942,0.0
13721,0.0
21710,0.0
3114,0.0
34322,0.0
41253,0.0
42911,0.0
30983,0.0
16806,0.0
53551,0.0
30879,0.0
58669,0.0
13822,0.0
61582,0.0
68688,0.0
1754,0.0
28052,0.0
77305,0.0
89695,0.0
21297,0.0
68060,0.0
81602,0.0
10487,0.0
6385,1.0
78333,0.0
16146,0.0
25585,0.0
85197,0.0
24992,0.0
61483,0.0
64498,0.0
41370,0.0
34702,0.0
18749,0.0
73971,0.0
69321,0.0
26483,0.0
88787,0.0
61355,0.0
76093,0.0
11868,0.0
45385,0.0
84352,0.0
22389,0.0
9444,0.0
80488,0.0
69819,0.0
9482,0.0
61986,0.0
10013,0.0
40462,1.0
10673,0.0
82181,0.0
19201,0.0
47038,0.0
26418,0.0
37584,0.0
84596,0.0
17992,0.0
23002,0.0
21089,0.0
33200,0.0
47009,0.0
61481,0.0
55128,0.0
56240,0.0
36361,0.0
69083,0.0
35245,0.0
41085,0.0
27043,1.0
78520,0.0
75342,0.0
7330,0.0
34072,0.0
69872,0.0
37978,0.0
62361,0.0
89809,0.0
58775,0.0
84718,0.0
76398,0.0
5555,0.0
59166,0.0
83325,0.0
6345,0.0
4,0.0
88763,0.0
57790,0.0
14907,0.0
25283,0.0
453,1.0
49964,0.0
22538,0.0
84239,0.0
36737,0.0
21012,0.0
60259,0.0
73509,0.0
41184,0.0
74847,0.0
32329,0.0
11261,0.0
12860,0.0
14910,0.0
56188,0.0
33034,1.0
50489,0.0
9231,0.0
44617,0.0
64193,0.0
22586,1.0
79146,0.0
22871,0.0
2518,0.0
42326,0.0
42946,0.0
69019,0.0
37455,0.0
77675,0.0
58691,0.0
73757,0.0
45837,0.0
72914,0.0
70116,0.0
87592,0.0
81320,0.0
2948,0.0
91191,0.0
52399,0.0
55991,0.0
68454,0.0
57344,0.0
81127,0.0
35078,1.0
36989,0.0
88932,0.0
56946,0.0
62076,0.0
57303,0.0
77030,0.0
87282,0.0
1489,0.0
57759,0.0
45376,1.0
54656,0.0
22279,0.0
2605,0.0
14959,0.0
82244,0.0
38040,0.0
12131,0.0
28509,0.0
30236,0.0
9694,0.0
88496,0.0
15203,0.0
32835,0.0
83301,0.0
64243,1.0
64881,0.0
23274,0.0
78925,0.0
87918,1.0
23059,0.0
55420,0.0
16780,0.0
85663,0.0
40,0.0
10127,0.0
86031,0.0
2021,0.0
39729,0.0
46795,0.0
66667,0.0
57938,0.0
11114,0.0
12371,0.0
63283,0.0
44175,0.0
39898,0.0
78066,0.0
10952,0.0
54822,0.0
18797,0.0
279,0.0
89895,0.0
70866,0.0
17881,1.0
64144,0.0
5935,0.0
75733,1.0
14969,0.0
59263,0.0
32975,0.0
85461,0.0
57245,0.0
81581,0.0
79841,0.0
39654,0.0
40473,0.0
51283,0.0
16946,0.0
14660,0.0
89176,0.0
55138,0.0
74499,0.0
80471,0.0
10826,0.0
24608,0.0
26955,0.0
27411,0.0
81554,0.0
54838,0.0
11282,0.0
47815,0.0
27438,0.0
18826,0.0
5778,0.0
84215,0.0
7895,0.0
4448,1.0
36497,0.0
87393,0.0
82908,0.0
65532,1.0
11579,0.0
82901,0.0
11362,0.0
17254,0.0
5719,0.0
67892,0.0
9324,0.0
75204,0.0
24193,0.0
38375,0.0
20688,0.0
47587,0.0
3017,0.0
792,0.0
37454,0.0
4622,0.0
25685,0.0
67178,0.0
86070,0.0
76855,0.0
69303,0.0
63645,0.0
28900,0.0
67389,0.0
59787,0.0
23784,0.0
72486,0.0
22907,0.0
32680,0.0
53971,0.0
11227,0.0
8398,1.0
5535,0.0
77032,0.0
64462,0.0
24638,0.0
7166,0.0
4859,0.0
53604,0.0
70219,0.0
29521,0.0
84142,0.0
74731,0.0
50436,1.0
61927,1.0
75230,0.0
52917,0.0
3244,0.0
56751,0.0
84888,0.0
42564,0.0
6923,0.0
2191,0.0
24411,0.0
11418,0.0
47637,0.0
47147,0.0
56366,0.0
37395,0.0
68177,1.0
89896,0.0
11177,0.0
67001,0.0
73221,1.0
54772,0.0
26717,0.0
30230,0.0
35041,0.0
48764,0.0
42866,0.0
2455,0.0
3524,0.0
69919,0.0
8785,0.0
79891,0.0
60808,0.0
71446,0.0
1462,0.0
51878,0.0
41297,0.0
52143,0.0
44253,0.0
579,0.0
75675,0.0
87128,0.0
21501,0.0
62629,0.0
57433,0.0
20272,0.0
7528,0.0
54122,0.0
71748,0.0
89310,0.0
39911,0.0
47296,0.0
40298,0.0
52801,0.0
55274,0.0
61295,0.0
35354,0.0
35206,0.0
60657,0.0
79241,0.0
55904,0.0
29994,1.0
66621,0.0
12449,0.0
65888,0.0
41629,0.0
7062,0.0
73782,0.0
67880,1.0
29389,0.0
40792,0.0
35531,0.0
84422,0.0
83490,0.0
87630,0.0
35829,0.0
33560,0.0
72366,0.0
33565,0.0
60212,0.0
91124,0.0
17920,0.0
70229,0.0
11115,0.0
20638,0.0
3828,0.0
21195,0.0
44005,0.0
18304,0.0
56385,0.0
42173,0.0
56157,0.0
83502,0.0
9619,0.0
62212,0.0
47575,0.0
39767,0.0
36210,0.0
33545,0.0
26566,0.0
82243,0.0
7611,0.0
47886,0.0
83709,0.0
73992,0.0
32225,1.0
57210,1.0
45659,0.0
73088,0.0
15152,0.0
9861,0.0
59979,1.0
2656,0.0
48942,0.0
2159,0.0
57761,0.0
9749,0.0
47781,0.0
51697,0.0
30611,0.0
14404,0.0
79708,0.0
86151,0.0
86928,0.0
64843,0.0
45878,0.0
69155,0.0
85384,0.0
2856,0.0
16987,0.0
82441,0.0
25980,0.0
663,0.0
66123,0.0
20392,0.0
27584,0.0
62474,0.0
35954,0.0
46036,0.0
46275,0.0
32988,0.0
88370,0.0
63524,0.0
73070,0.0
81488,0.0
1124,0.0
26390,0.0
31061,0.0
9112,0.0
37123,0.0
38968,0.0
50312,1.0
54975,0.0
72372,0.0
30887,1.0
23102,0.0
28026,1.0
71178,0.0
85097,0.0
69894,0.0
84099,0.0
38841,0.0
20372,0.0
64032,0.0
9299,0.0
60230,0.0
53198,0.0
17770,0.0
69643,0.0
21932,0.0
7584,0.0
50119,0.0
86303,1.0
31366,0.0
64288,0.0
5294,0.0
56819,0.0
15787,1.0
1005,0.0
78863,0.0
86701,0.0
86942,1.0
18326,0.0
31168,0.0
22833,0.0
42271,0.0
70218,0.0
26595,0.0
54837,0.0
6277,0.0
53416,0.0
24329,0.0
83652,0.0
64171,0.0
60740,0.0
79838,0.0
58657,0.0
81019,1.0
15807,1.0
66473,0.0
2035,0.0
39830,0.0
8260,0.0
62908,0.0
84407,0.0
66266,0.0
80720,0.0
31874,0.0
86837,0.0
53784,0.0
2101,0.0
52544,0.0
13982,0.0
10262,0.0
27609,0.0
61409,0.0
74919,0.0
64689,0.0
67473,0.0
90334,0.0
36061,0.0
89632,0.0
65310,0.0
66755,0.0
48557,1.0
10071,0.0
46881,0.0
13670,0.0
26963,0.0
56548,0.0
8734,0.0
41888,0.0
88558,0.0
7770,1.0
34541,0.0
27109,0.0
878,0.0
29778,0.0
62279,0.0
73306,0.0
5105,0.0
39406,1.0
286,0.0
70732,0.0
64373,0.0
48414,0.0
30892,0.0
47775,0.0
58571,0.0
57316,0.0
39069,0.0
40551,0.0
77920,0.0
9779,0.0
28635,0.0
26170,0.0
66879,0.0
59030,0.0
8553,0.0
68841,0.0
20931,0.0
69366,0.0
3889,0.0
8276,0.0
29918,0.0
36313,0.0
56904,0.0
56533,0.0
73733,0.0
7871,0.0
8656,0.0
47629,0.0
38702,0.0
36892,0.0
68370,0.0
64676,0.0
20386,0.0
86552,0.0
29865,0.0
20404,0.0
9653,0.0
74030,0.0
43098,0.0
28405,0.0
13139,0.0
17778,0.0
19989,0.0
43020,0.0
66792,0.0
88107,0.0
20685,0.0
84681,0.0
28896,0.0
19632,0.0
70646,0.0
55254,0.0
56706,0.0
50456,0.0
29027,0.0
16547,0.0
42515,0.0
60087,0.0
89089,0.0
39490,0.0
46226,0.0
64634,0.0
43953,0.0
54151,0.0
64740,0.0
2229,0.0
58689,0.0
66109,0.0
67163,0.0
24653,0.0
65477,0.0
44100,1.0
49612,0.0
72472,0.0
7335,0.0
65825,0.0
63538,0.0
74468,0.0
18916,0.0
42647,0.0
26667,0.0
8673,0.0
38782,0.0
18564,1.0
32791,0.0
79069,0.0
47525,0.0
14408,0.0
66429,0.0
4238,0.0
53338,0.0
36003,0.0
88077,1.0
82288,1.0
62445,0.0
36865,0.0
84790,0.0
38489,1.0
29368,0.0
46208,0.0
55262,0.0
40353,0.0
7381,0.0
66359,0.0
79030,0.0
17661,0.0
91375,0.0
72525,0.0
37257,0.0
28522,0.0
12431,0.0
28342,0.0
46933,0.0
86953,0.0
77323,0.0
75455,0.0
76445,0.0
3081,0.0
16883,0.0
51143,0.0
83496,0.0
1609,0.0
38267,0.0
82969,0.0
11554,0.0
59102,0.0
7314,0.0
53961,0.0
86458,1.0
38438,0.0
72202,0.0
35391,0.0
9674,0.0
5842,0.0
52020,0.0
75794,0.0
87208,0.0
50245,0.0
17553,0.0
74128,0.0
13520,0.0
56493,0.0
59069,0.0
11491,0.0
85483,0.0
71685,0.0
48765,0.0
44566,0.0
29261,0.0
53228,0.0
56233,1.0
71768,0.0
35852,0.0
85626,0.0
70870,1.0
68144,0.0
35334,1.0
22299,1.0
38746,0.0
41301,0.0
24250,0.0
41778,0.0
86907,0.0
30000,0.0
22850,1.0
41228,0.0
78484,1.0
82215,0.0
16810,0.0
44906,0.0
18044,0.0
87714,0.0
73772,0.0
5135,0.0
32739,0.0
91401,0.0
16817,0.0
6776,0.0
70789,0.0
41618,0.0
55137,0.0
23147,0.0
12529,0.0
65923,0.0
36221,0.0
60304,1.0
56368,0.0
22599,0.0
10005,0.0
65142,0.0
38045,0.0
46460,0.0
6497,0.0
45770,0.0
53591,0.0
91431,0.0
72530,0.0
4593,1.0
50344,0.0
72032,0.0
42350,0.0
90939,1.0
12927,0.0
49814,0.0
1704,0.0
72056,0.0
23239,0.0
57446,0.0
29140,0.0
334,0.0
45897,0.0
25199,0.0
58381,0.0
9318,0.0
88269,0.0
41465,0.0
36158,0.0
58853,0.0
19907,0.0
39199,0.0
29451,0.0
13528,0.0
38446,0.0
20276,0.0
35978,0.0
54000,0.0
51366,0.0
79344,0.0
12279,0.0
77000,0.0
72267,0.0
67468,0.0
81813,0.0
2960,0.0
1918,0.0
78113,0.0
84171,0.0
27805,0.0
66373,0.0
90098,0.0
86184,0.0
53937,0.0
79503,0.0
90918,0.0
56529,0.0
25093,0.0
61181,0.0
19031,0.0
42931,1.0
11297,0.0
60577,0.0
68668,0.0
84559,0.0
16572,0.0
38889,0.0
9719,0.0
90001,0.0
16986,0.0
1940,0.0
49337,0.0
25792,0.0
86298,0.0
59882,0.0
26680,1.0
27133,0.0
19787,0.0
41697,0.0
65823,0.0
50669,0.0
42989,0.0
69124,0.0
40506,1.0
2788,0.0
89319,0.0
42084,0.0
38170,0.0
24040,0.0
2666,0.0
4405,0.0
22705,0.0
72008,0.0
1670,0.0
29247,0.0
60006,0.0
28356,1.0
86679,0.0
55664,0.0
64927,0.0
57173,0.0
28430,0.0
34452,0.0
7937,1.0
68291,0.0
52941,0.0
33480,0.0
7907,0.0
54728,0.0
76306,0.0
89957,0.0
30411,0.0
58230,0.0
21686,0.0
55282,0.0
89476,0.0
69490,0.0
10968,0.0
65017,0.0
14240,0.0
50144,0.0
23647,0.0
73155,0.0
41673,0.0
14449,0.0
72043,0.0
5143,0.0
60972,0.0
43282,0.0
19204,0.0
54473,1.0
91340,0.0
64609,0.0
6276,0.0
42832,0.0
71312,0.0
19220,0.0
77903,0.0
79568,0.0
52789,0.0
87029,0.0
67136,0.0
35737,0.0
83512,0.0
80044,0.0
76159,0.0
81263,0.0
49757,0.0
32180,0.0
19547,0.0
32470,0.0
29598,0.0
65916,0.0
30240,0.0
46041,0.0
20234,0.0
58077,1.0
65342,0.0
698,0.0
30067,0.0
22489,0.0
45583,0.0
82664,0.0
90980,0.0
56340,0.0
73110,0.0
49512,0.0
90486,0.0
37417,1.0
79732,0.0
48898,0.0
89575,0.0
39032,0.0
74182,0.0
91470,0.0
60733,0.0
70028,0.0
33954,0.0
37280,1.0
50540,0.0
3977,0.0
2019,0.0
33858,0.0
56094,0.0
63187,0.0
51335,0.0
21544,0.0
9758,0.0
24864,0.0
86937,0.0
89780,1.0
9026,0.0
18937,0.0
68856,0.0
81842,0.0
52051,0.0
63437,0.0
24380,0.0
78592,0.0
62422,0.0
50689,0.0
14184,0.0
23249,0.0
39732,0.0
86572,1.0
57211,0.0
14680,0.0
6232,0.0
44288,0.0
70179,0.0
39720,1.0
41591,0.0
21325,1.0
60540,0.0
40572,0.0
954,1.0
42980,0.0
49421,0.0
66235,0.0
7936,0.0
77838,0.0
33306,0.0
15361,0.0
88013,0.0
62766,0.0
22906,0.0
49147,0.0
41240,0.0
28581,0.0
16443,0.0
49971,0.0
83069,0.0
9927,0.0
67828,0.0
90889,0.0
23432,0.0
55724,0.0
47620,0.0
3401,0.0
88007,0.0
18637,0.0
27434,0.0
63604,1.0
17340,0.0
13125,0.0
44641,0.0
42100,1.0
28,0.0
39225,0.0
85821,0.0
16359,0.0
33179,0.0
90833,0.0
9262,0.0
37672,0.0
54752,0.0
34785,0.0
86815,0.0
90418,0.0
11502,0.0
27394,0.0
36276,0.0
72793,0.0
2585,0.0
25523,0.0
8825,0.0
8866,0.0
15869,0.0
69702,0.0
84458,0.0
11728,0.0
86547,0.0
46924,0.0
42620,0.0
58463,0.0
20250,0.0
70458,0.0
62679,0.0
61649,0.0
27739,0.0
63753,0.0
46209,0.0
25702,0.0
58690,0.0
27602,0.0
3590,0.0
62092,0.0
15625,0.0
19805,0.0
85306,0.0
1066,0.0
4614,0.0
16539,0.0
43737,0.0
31931,0.0
88549,0.0
56137,0.0
6787,0.0
15753,1.0
87595,0.0
70372,0.0
79009,0.0
33736,0.0
30076,0.0
16870,0.0
30716,0.0
11065,0.0
43711,0.0
89736,0.0
24622,0.0
32177,0.0
73098,0.0
25993,0.0
25328,0.0
21371,0.0
2431,0.0
7475,0.0
45342,0.0
78834,1.0
38711,0.0
90039,0.0
61650,0.0
80145,0.0
73919,0.0
28199,0.0
49299,0.0
87568,0.0
19059,0.0
68561,0.0
51726,0.0
2751,0.0
88832,0.0
63880,0.0
7901,0.0
34390,0.0
34676,0.0
41761,0.0
5869,0.0
9716,0.0
48514,0.0
39803,0.0
15376,1.0
81976,0.0
43206,0.0
48182,0.0
22492,0.0
16298,0.0
7379,0.0
88548,0.0
20051,0.0
81593,0.0
89265,0.0
81097,0.0
25657,0.0
32416,0.0
12095,0.0
71265,1.0
25338,0.0
49122,0.0
89025,0.0
77342,0.0
65849,0.0
62901,0.0
63285,0.0
19791,0.0
84571,0.0
6418,0.0
26485,0.0
11980,0.0
11075,1.0
34470,0.0
40579,0.0
81144,0.0
59344,0.0
27243,1.0
62254,0.0
34569,0.0
13289,0.0
77209,0.0
47671,0.0
20504,0.0
47367,0.0
29607,0.0
78212,0.0
72902,0.0
70084,0.0
49448,0.0
60901,0.0
25564,1.0
75150,0.0
84464,0.0
51980,0.0
59682,0.0
31049,0.0
2837,0.0
14043,0.0
79601,0.0
34968,0.0
55548,0.0
32189,0.0
43406,0.0
41107,0.0
65927,0.0
5589,0.0
40770,1.0
35115,0.0
19106,0.0
83660,0.0
25868,0.0
3126,0.0
56822,0.0
62824,0.0
35025,0.0
69371,0.0
43945,0.0
41842,1.0
15481,0.0
80822,0.0
59178,0.0
53848,0.0
68743,0.0
45135,0.0
12202,0.0
7346,0.0
47166,0.0
5567,0.0
7805,0.0
41249,0.0
82818,0.0
19345,0.0
71959,0.0
53027,0.0
7498,0.0
27502,0.0
47035,0.0
40849,0.0
38739,0.0
17021,0.0
51583,0.0
2388,1.0
37767,0.0
78762,1.0
44651,0.0
27729,0.0
11332,0.0
57935,0.0
86786,0.0
24164,0.0
39234,1.0
41742,0.0
63004,0.0
26622,0.0
82039,0.0
6726,0.0
58735,0.0
69167,0.0
88282,0.0
8960,0.0
1187,1.0
58116,0.0
45502,0.0
16144,0.0
12472,0.0
69728,0.0
87086,0.0
75948,1.0
24353,0.0
83817,1.0
8434,0.0
83478,0.0
27291,0.0
19340,0.0
16937,0.0
17719,0.0
59734,0.0
47914,0.0
19808,1.0
47077,0.0
84895,0.0
43194,0.0
70366,0.0
772,1.0
35082,0.0
49737,0.0
39440,0.0
78447,0.0
76579,0.0
63764,0.0
84910,0.0
62369,0.0
25775,0.0
20951,0.0
68973,0.0
25767,0.0
34926,1.0
34687,0.0
91516,0.0
32619,0.0
11050,0.0
67478,0.0
83571,0.0
57720,0.0
6510,1.0
10790,0.0
23211,0.0
80366,0.0
16250,0.0
1409,0.0
87239,0.0
74486,0.0
6580,0.0
25609,0.0
10186,0.0
82774,0.0
74469,0.0
13235,0.0
40993,1.0
10197,0.0
88796,0.0
13481,0.0
41080,0.0
58154,0.0
55101,0.0
1840,0.0
171,0.0
47539,0.0
49576,0.0
87816,0.0
30351,0.0
77543,0.0
58994,0.0
46024,0.0
74809,0.0
41115,0.0
7959,0.0
11248,0.0
25505,0.0
1797,0.0
22321,1.0
89830,0.0
57822,0.0
30931,0.0
83492,0.0
20746,1.0
18026,0.0
3703,0.0
44942,0.0
83822,0.0
49713,0.0
52148,0.0
90621,0.0
6415,0.0
74102,0.0
13116,0.0
48249,0.0
88830,0.0
52588,0.0
41511,0.0
21901,0.0
1238,0.0
91230,0.0
35044,0.0
38903,0.0
46272,0.0
62189,0.0
64494,0.0
76246,0.0
68600,0.0
85770,0.0
8597,0.0
63450,0.0
14672,0.0
25354,0.0
48520,0.0
40489,0.0
90816,0.0
63439,0.0
16081,0.0
39904,0.0
40046,0.0
35934,1.0
61924,0.0
20683,0.0
18531,0.0
9469,0.0
64993,0.0
59688,0.0
77684,0.0
46837,0.0
58615,0.0
46400,1.0
24651,0.0
89470,0.0
87579,0.0
21374,0.0
70935,0.0
8720,0.0
90445,0.0
51916,0.0
29618,0.0
9763,0.0
11156,0.0
14295,0.0
17986,0.0
39287,0.0
15973,0.0
32812,0.0
8234,1.0
20491,1.0
17643,0.0
61615,0.0
17024,0.0
51862,1.0
7568,0.0
4637,0.0
67199,0.0
52523,1.0
10797,1.0
74215,0.0
48144,0.0
37592,0.0
63590,0.0
63337,0.0
89970,0.0
85556,0.0
79008,0.0
72839,0.0
14869,0.0
1798,0.0
33181,0.0
55369,0.0
22531,1.0
58359,0.0
27833,0.0
28727,0.0
36815,0.0
53774,1.0
25814,0.0
68354,0.0
56424,0.0
80074,0.0
23920,0.0
31451,0.0
10949,0.0
7913,0.0
74711,0.0
45218,0.0
37558,1.0
86420,0.0
54432,0.0
74815,0.0
86763,0.0
73260,0.0
29529,0.0
26038,0.0
89262,0.0
49194,0.0
44719,0.0
37003,0.0
85841,0.0
69278,0.0
2796,0.0
2409,0.0
4928,1.0
2958,0.0
71961,0.0
1339,0.0
55411,0.0
35769,0.0
35791,0.0
55843,0.0
15093,0.0
42688,0.0
65526,0.0
2891,0.0
9425,0.0
4173,1.0
77472,0.0
43196,0.0
30681,0.0
74125,0.0
91524,0.0
6720,0.0
25875,0.0
24780,0.0
32634,0.0
75689,0.0
81966,0.0
77250,0.0
29398,0.0
13131,0.0
1769,0.0
91142,0.0
56763,0.0
78544,0.0
55293,0.0
87847,0.0
81355,0.0
2802,0.0
76259,0.0
70070,0.0
78700,0.0
82211,0.0
15442,0.0
17132,0.0
26585,1.0
52898,0.0
33779,0.0
67863,0.0
41387,0.0
28020,0.0
86823,0.0
6741,0.0
90178,0.0
17125,0.0
1589,0.0
63212,1.0
66898,0.0
54675,0.0
1139,0.0
34021,0.0
56350,0.0
17630,0.0
34673,0.0
24223,0.0
37113,0.0
51242,0.0
80811,0.0
5008,0.0
82201,0.0
16017,0.0
76549,0.0
49407,0.0
44194,1.0
79452,0.0
30465,0.0
52911,0.0
75441,0.0
24721,0.0
83329,0.0
9968,0.0
15172,0.0
50732,0.0
25055,0.0
56930,0.0
68124,0.0
8359,0.0
78967,0.0
78167,0.0
76127,1.0
65432,0.0
1919,0.0
74305,0.0
1031,1.0
70062,0.0
52556,0.0
69619,0.0
48571,0.0
50692,0.0
59362,0.0
43946,0.0
58507,0.0
22844,0.0
83039,0.0
78861,0.0
12908,0.0
91466,0.0
34634,0.0
57112,0.0
88037,0.0
25992,0.0
83016,0.0
45562,0.0
52150,0.0
29614,0.0
87899,0.0
1342,0.0
69214,0.0
20878,0.0
31399,0.0
52128,0.0
18160,0.0
52206,0.0
59784,1.0
38355,0.0
37313,0.0
34353,0.0
31405,1.0
82128,0.0
63783,0.0
52497,0.0
10398,0.0
60345,0.0
69809,0.0
31215,0.0
66301,0.0
13376,0.0
52093,0.0
43826,0.0
19019,0.0
56665,0.0
2130,0.0
38445,0.0
13250,0.0
3575,0.0
2774,0.0
36002,0.0
61462,0.0
1049,0.0
16350,0.0
7605,0.0
11978,0.0
35691,0.0
72976,0.0
64470,0.0
48367,0.0
8478,0.0
48560,1.0
39291,0.0
82929,0.0
69870,0.0
64599,0.0
37517,0.0
30976,0.0
52646,0.0
81878,0.0
82402,0.0
34501,0.0
32959,0.0
55041,0.0
78627,0.0
6522,0.0
16659,0.0
46452,0.0
34368,0.0
20094,0.0
86749,0.0
73722,0.0
1068,0.0
15596,0.0
78453,0.0
62969,0.0
41173,0.0
7273,0.0
2162,0.0
6198,0.0
4314,0.0
43650,1.0
10121,0.0
80624,0.0
20641,1.0
79019,1.0
71630,0.0
45486,0.0
85346,0.0
72298,0.0
27242,1.0
3316,0.0
86776,0.0
56014,0.0
9930,0.0
65457,0.0
80920,0.0
30179,0.0
14024,1.0
20921,0.0
83763,0.0
80968,0.0
2400,0.0
7176,0.0
74307,0.0
80512,0.0
40749,0.0
45158,0.0
89684,0.0
63120,0.0
64223,0.0
20120,0.0
61716,0.0
10170,0.0
71937,0.0
27447,0.0
81873,0.0
78811,0.0
22024,0.0
66389,0.0
89814,0.0
8293,0.0
83335,0.0
19033,0.0
61906,0.0
81044,0.0
86104,0.0
51226,0.0
1338,0.0
76903,0.0
38344,0.0
42533,0.0
87198,1.0
74313,0.0
65293,1.0
9853,0.0
27497,0.0
72129,0.0
9341,0.0
68886,0.0
39200,0.0
76834,0.0
63111,0.0
22571,0.0
72281,1.0
10066,0.0
14536,0.0
37287,0.0
49059,0.0
45153,0.0
16252,1.0
47971,0.0
10404,0.0
27107,0.0
50601,0.0
43448,0.0
35180,0.0
54719,0.0
10469,0.0
5125,0.0
1247,0.0
62525,1.0
81691,0.0
42598,0.0
80706,1.0
49215,0.0
57239,0.0
78015,0.0
9841,0.0
29603,0.0
85573,1.0
31149,0.0
41043,0.0
76002,0.0
19164,0.0
68394,0.0
71301,0.0
77745,0.0
6205,0.0
13619,0.0
5804,0.0
73338,0.0
60857,0.0
18270,0.0
16598,0.0
11981,0.0
32375,0.0
45175,0.0
74373,0.0
66942,0.0
48207,0.0
62823,1.0
3324,1.0
85769,0.0
52804,0.0
85984,0.0
86519,0.0
54665,0.0
34847,0.0
12002,0.0
27380,0.0
4426,0.0
14360,0.0
45007,0.0
37851,0.0
87535,0.0
18245,0.0
17754,0.0
39175,0.0
15241,0.0
91550,0.0
16602,0.0
20717,0.0
32018,0.0
84395,0.0
38416,0.0
45854,0.0
31126,0.0
63504,0.0
68198,0.0
88017,0.0
34410,0.0
34515,0.0
59399,0.0
85310,0.0
16438,0.0
48327,0.0
85875,0.0
44989,0.0
75007,0.0
71907,0.0
88030,0.0
3744,0.0
74763,0.0
71050,0.0
14581,0.0
20973,0.0
58304,0.0
81769,0.0
20600,0.0
31381,0.0
7405,0.0
73506,0.0
54509,0.0
40286,0.0
61436,0.0
38587,0.0
63588,0.0
14059,0.0
52473,0.0
25290,1.0
85773,1.0
39890,0.0
80805,0.0
84836,0.0
84027,0.0
51552,0.0
41180,0.0
53172,0.0
60265,0.0
89010,0.0
78295,0.0
48292,0.0
37787,0.0
18909,0.0
17409,0.0
46612,0.0
26704,0.0
59972,0.0
79381,0.0
75337,0.0
68964,0.0
83669,0.0
5006,0.0
11270,0.0
33840,0.0
31280,0.0
74517,0.0
79156,0.0
14117,0.0
56236,0.0
41599,0.0
36038,0.0
47949,0.0
58509,0.0
74726,0.0
49689,0.0
74371,0.0
60196,0.0
59084,0.0
77158,0.0
62397,0.0
65505,0.0
89063,0.0
85225,0.0
91701,0.0
25504,0.0
6763,0.0
56196,0.0
90429,0.0
80269,0.0
51478,0.0
16857,0.0
6155,0.0
23030,1.0
25064,0.0
44128,0.0
16328,0.0
80998,0.0
73661,0.0
77568,0.0
44773,0.0
47977,0.0
54996,0.0
38281,0.0
69984,0.0
19071,0.0
14733,0.0
57236,0.0
37679,0.0
82362,0.0
49068,0.0
46848,0.0
8585,0.0
31233,0.0
53076,1.0
63432,0.0
45638,1.0
57283,0.0
86043,0.0
62295,0.0
32457,0.0
44196,0.0
30628,0.0
12270,0.0
31654,0.0
35905,0.0
9856,1.0
83724,1.0
62388,0.0
12072,0.0
88915,1.0
76610,0.0
74836,0.0
73062,1.0
91196,0.0
926,0.0
72374,0.0
13702,0.0
10265,0.0
59543,0.0
85929,0.0
50083,0.0
52533,0.0
34510,0.0
71999,0.0
58501,1.0
66505,0.0
8428,0.0
74565,0.0
88863,0.0
46373,0.0
71787,0.0
25522,0.0
46189,1.0
43941,0.0
60034,0.0
83861,0.0
18726,0.0
74256,0.0
21045,0.0
11696,0.0
15637,0.0
42460,0.0
49311,0.0
27979,0.0
2410,0.0
50808,0.0
75200,0.0
82971,0.0
14393,0.0
41958,0.0
16327,0.0
27101,0.0
42287,0.0
44389,0.0
55740,0.0
59601,0.0
27009,0.0
88389,0.0
40192,0.0
62866,0.0
33128,0.0
15671,0.0
59068,0.0
74661,0.0
78732,0.0
42423,0.0
65937,0.0
73492,0.0
78640,0.0
25277,0.0
56052,0.0
76791,0.0
55511,0.0
59794,0.0
67411,0.0
18064,0.0
45699,0.0
42088,0.0
59270,0.0
16055,0.0
29078,0.0
62733,0.0
87523,0.0
36069,1.0
71459,0.0
41404,0.0
67716,0.0
54015,0.0
51338,0.0
25027,1.0
81118,0.0
83655,0.0
76701,1.0
32392,0.0
72416,0.0
75677,0.0
20239,0.0
42063,0.0
9131,0.0
85690,0.0
69123,0.0
38216,0.0
73956,0.0
58239,0.0
64765,0.0
12390,0.0
61457,0.0
82620,0.0
69911,1.0
15151,0.0
35204,0.0
9708,0.0
79845,0.0
41601,0.0
13695,0.0
91475,0.0
83273,0.0
53797,0.0
70994,0.0
3399,0.0
28914,0.0
88560,0.0
12205,0.0
12774,0.0
58952,0.0
12759,1.0
32544,0.0
79031,0.0
54764,0.0
64577,0.0
16839,0.0
6570,0.0
76222,0.0
17031,0.0
44226,0.0
358,0.0
22261,0.0
13237,0.0
84178,0.0
8746,0.0
20409,0.0
47012,0.0
79382,0.0
85076,1.0
351,1.0
90347,0.0
41021,0.0
37221,0.0
71157,1.0
47740,0.0
11940,1.0
80325,0.0
86821,0.0
57031,0.0
66156,0.0
35542,0.0
21321,0.0
86399,0.0
53032,0.0
31948,0.0
90925,0.0
89920,0.0
67969,0.0
29777,0.0
68534,0.0
62792,0.0
27815,0.0
50948,0.0
63107,0.0
71212,0.0
55434,0.0
71741,0.0
38095,0.0
74841,0.0
54865,1.0
33043,0.0
87905,0.0
61195,0.0
32201,0.0
8352,0.0
65871,0.0
69589,0.0
10387,0.0
91045,0.0
61068,0.0
37832,0.0
75127,0.0
56389,1.0
35528,0.0
32946,0.0
16285,0.0
56297,0.0
62007,0.0
85944,0.0
24107,0.0
68487,0.0
69204,0.0
50228,0.0
69089,0.0
47759,0.0
28588,0.0
74058,0.0
4867,0.0
55178,0.0
64952,0.0
67589,0.0
13165,0.0
21690,0.0
51700,0.0
16164,0.0
7550,0.0
87443,0.0
55651,0.0
18663,1.0
82966,0.0
4195,0.0
76203,0.0
70818,0.0
36781,0.0
88575,0.0
31332,0.0
11469,1.0
41947,0.0
12664,0.0
8173,0.0
31289,0.0
43566,0.0
87025,0.0
39244,0.0
7429,0.0
60730,0.0
59594,0.0
69245,0.0
1678,1.0
86179,0.0
74749,0.0
26880,0.0
5656,0.0
37270,0.0
10779,0.0
54486,0.0
17707,0.0
77457,0.0
15492,0.0
1329,0.0
89823,0.0
27061,0.0
86483,1.0
39859,1.0
18695,0.0
54147,0.0
3921,0.0
51301,0.0
38583,0.0
82909,0.0
15893,0.0
62439,0.0
43801,0.0
52068,0.0
89533,0.0
71257,0.0
45413,0.0
62507,0.0
12899,0.0
72634,0.0
40189,0.0
68603,0.0
5684,0.0
12686,0.0
18487,0.0
36889,0.0
40098,0.0
18844,0.0
79193,0.0
43491,0.0
66087,0.0
38279,0.0
82297,0.0
45871,0.0
23206,0.0
1237,0.0
13203,0.0
90449,0.0
48919,0.0
25075,0.0
27199,0.0
73373,0.0
8202,0.0
11766,0.0
49846,0.0
88250,0.0
62190,0.0
24485,0.0
84814,0.0
67217,0.0
52061,0.0
39646,1.0
65547,0.0
75909,0.0
74458,0.0
4940,0.0
76500,0.0
6837,0.0
45230,0.0
12924,0.0
32741,0.0
317,0.0
42400,0.0
69615,0.0
32158,0.0
29786,0.0
19305,1.0
31333,0.0
56454,0.0
66157,0.0
36527,0.0
22565,0.0
33274,0.0
36354,0.0
22998,0.0
37283,0.0
45596,0.0
78345,0.0
53544,0.0
3926,0.0
52307,0.0
7866,0.0
60497,0.0
89873,0.0
36959,0.0
15995,0.0
74579,0.0
58033,0.0
1170,0.0
71065,0.0
63185,0.0
81815,0.0
69241,0.0
43596,0.0
62651,0.0
39927,0.0
80611,0.0
64746,0.0
76094,1.0
84206,0.0
61138,0.0
40617,0.0
74593,0.0
51019,0.0
9100,0.0
81226,0.0
24659,0.0
64473,0.0
1180,0.0
34024,0.0
32746,0.0
53464,0.0
35340,0.0
19991,0.0
74669,0.0
4503,0.0
40897,0.0
75157,1.0
16743,0.0
87046,0.0
43263,0.0
37828,0.0
27193,0.0
49486,0.0
10720,0.0
32266,0.0
10528,0.0
43762,0.0
28262,0.0
58423,0.0
9082,0.0
511,0.0
32145,0.0
10475,1.0
25734,0.0
54521,0.0
8669,0.0
76175,0.0
26124,0.0
51765,0.0
17477,0.0
64885,0.0
15287,0.0
15922,0.0
81512,0.0
78301,0.0
56252,0.0
55819,0.0
5048,0.0
82259,0.0
67499,0.0
23515,0.0
32433,0.0
29383,0.0
84554,0.0
86098,1.0
63330,0.0
59808,0.0
11510,0.0
62987,0.0
63893,0.0
58748,0.0
86302,0.0
48036,0.0
70438,0.0
47160,0.0
11759,0.0
74794,0.0
55640,0.0
65238,0.0
17805,0.0
59809,0.0
86159,0.0
43523,1.0
81480,0.0
54415,0.0
70627,0.0
40036,0.0
18019,0.0
14606,0.0
3652,0.0
79749,0.0
5150,0.0
38541,0.0
29720,0.0
28125,0.0
34776,0.0
14944,0.0
52083,0.0
33771,0.0
85569,0.0
17898,1.0
19099,0.0
10282,0.0
61382,0.0
71375,0.0
20168,0.0
29457,0.0
87723,0.0
33602,0.0
21994,0.0
88557,0.0
60338,0.0
57014,0.0
89850,0.0
26535,0.0
33538,0.0
65228,0.0
63204,0.0
31335,0.0
2134,0.0
18179,0.0
87225,0.0
71866,0.0
153,0.0
40560,0.0
73653,0.0
32795,0.0
88176,0.0
20262,0.0
68199,0.0
33994,0.0
23255,0.0
76358,0.0
81936,0.0
12240,0.0
42429,0.0
41579,0.0
55596,0.0
34261,0.0
52432,0.0
29763,0.0
69310,0.0
27030,0.0
50295,0.0
55895,0.0
55048,0.0
66555,0.0
60630,0.0
598,0.0
67584,0.0
48237,0.0
35345,0.0
58350,0.0
64038,0.0
60108,0.0
64631,0.0
60354,0.0
11157,0.0
13009,0.0
75589,1.0
42689,0.0
66695,0.0
31671,0.0
68379,0.0
28400,0.0
86748,0.0
20355,0.0
89406,0.0
46491,0.0
2366,0.0
46838,0.0
63428,1.0
18691,0.0
29685,0.0
3847,0.0
22923,1.0
13312,0.0
57978,0.0
718,0.0
56009,0.0
67999,0.0
66723,0.0
47091,0.0
39165,0.0
76968,0.0
3716,0.0
55315,0.0
72919,0.0
20668,0.0
23305,0.0
13602,1.0
79335,0.0
21007,0.0
27650,0.0
57680,0.0
48390,0.0
39937,0.0
49831,0.0
79138,0.0
88781,0.0
77429,0.0
69418,0.0
25624,0.0
19959,0.0
42778,0.0
52428,1.0
60166,0.0
45823,0.0
10126,0.0
9904,0.0
34330,0.0
89930,0.0
87777,0.0
37594,0.0
37349,0.0
59431,0.0
48967,0.0
56873,0.0
64788,0.0
50739,0.0
76013,0.0
67137,0.0
19012,0.0
25019,0.0
16639,0.0
62204,0.0
10385,0.0
20490,0.0
6548,1.0
43417,0.0
67494,0.0
88493,0.0
56957,0.0
90300,0.0
7767,0.0
8744,0.0
75846,0.0
83100,0.0
41162,0.0
44135,0.0
26031,0.0
58461,0.0
80071,0.0
51289,0.0
8898,0.0
63097,0.0
23411,0.0
70589,0.0
89913,0.0
71310,0.0
37950,0.0
75532,0.0
60311,0.0
79671,0.0
35477,0.0
33002,1.0
66828,0.0
45061,0.0
53009,0.0
13188,0.0
66813,0.0
51744,0.0
44843,0.0
54607,0.0
57088,0.0
68245,0.0
86371,0.0
25197,0.0
15600,0.0
89474,1.0
11251,0.0
18697,0.0
87471,0.0
45287,0.0
65011,0.0
86808,0.0
67150,0.0
44655,0.0
48556,0.0
4526,0.0
88016,0.0
48817,0.0
45974,1.0
49661,0.0
78415,0.0
3171,0.0
14465,0.0
44350,0.0
16823,0.0
6147,0.0
85060,0.0
88695,0.0
52225,0.0
42488,0.0
80305,0.0
35426,0.0
82363,0.0
26251,0.0
11888,0.0
51054,0.0
50012,0.0
566,0.0
42213,0.0
2908,0.0
71272,0.0
76272,0.0
82613,0.0
43458,0.0
79164,0.0
57852,0.0
53899,0.0
19421,0.0
26136,0.0
7338,0.0
70770,0.0
55954,0.0
82568,0.0
87320,0.0
60411,0.0
38343,0.0
59712,0.0
23023,0.0
46659,0.0
71869,0.0
81026,0.0
53830,0.0
1004,0.0
67536,0.0
78528,0.0
60459,0.0
38873,0.0
83011,0.0
47533,0.0
47325,0.0
12266,0.0
18401,0.0
27893,0.0
13989,0.0
23770,0.0
73642,0.0
12934,1.0
87792,0.0
13,0.0
19482,0.0
38637,0.0
6835,0.0
64189,0.0
42943,0.0
40698,0.0
42604,0.0
72819,0.0
56827,0.0
80000,0.0
59745,0.0
32337,0.0
21170,0.0
85550,0.0
74581,0.0
26182,0.0
3621,0.0
89980,0.0
64480,0.0
4036,0.0
35372,0.0
4412,0.0
42750,0.0
40545,0.0
58274,0.0
10355,0.0
56640,0.0
40955,0.0
78728,0.0
74828,0.0
7018,0.0
78313,0.0
67568,0.0
58473,1.0
78608,0.0
38329,0.0
10207,0.0
77302,0.0
18325,0.0
34644,0.0
59714,0.0
16386,0.0
22682,1.0
10905,0.0
63449,1.0
70768,0.0
66422,0.0
70211,0.0
57584,0.0
29558,0.0
7644,0.0
35870,0.0
27167,0.0
56321,1.0
76795,0.0
44530,0.0
68029,0.0
2047,0.0
70335,0.0
69210,0.0
41900,0.0
56902,1.0
26379,0.0
15552,0.0
35999,0.0
72911,1.0
2722,1.0
56414,0.0
18661,0.0
36194,0.0
26659,0.0
26579,0.0
20157,0.0
53600,0.0
72042,0.0
79628,0.0
36478,0.0
47103,0.0
6613,0.0
20365,1.0
14853,0.0
42596,0.0
79615,0.0
43997,0.0
75593,0.0
11831,0.0
9929,0.0
15601,0.0
46872,0.0
73585,0.0
76074,0.0
57450,1.0
79597,0.0
58162,0.0
45723,0.0
54331,0.0
24601,0.0
11598,0.0
34855,0.0
46385,0.0
70328,0.0
5145,0.0
38683,0.0
49327,0.0
27105,0.0
62226,0.0
52665,0.0
67227,0.0
31914,0.0
84722,0.0
35759,0.0
31456,0.0
26463,0.0
83482,0.0
86225,0.0
22790,0.0
32222,0.0
76045,0.0
24029,1.0
76761,0.0
65569,0.0
51232,0.0
47176,0.0
49736,0.0
45775,0.0
71744,0.0
90562,0.0
22866,0.0
12747,0.0
70357,0.0
35131,0.0
83675,1.0
37461,0.0
17826,0.0
23401,0.0
6269,0.0
65654,0.0
61526,0.0
2175,0.0
57668,0.0
21099,0.0
73504,0.0
73317,1.0
64270,0.0
28179,0.0
67237,0.0
63576,0.0
45405,0.0
91448,0.0
48151,0.0
10144,0.0
2847,0.0
13276,0.0
12735,1.0
87964,0.0
31220,0.0
69452,0.0
24515,0.0
61388,0.0
2840,0.0
26299,0.0
74576,0.0
54241,0.0
80194,0.0
73243,0.0
55994,0.0
16626,0.0
15562,0.0
19681,0.0
49408,0.0
3249,0.0
54721,0.0
86617,0.0
80335,0.0
50551,0.0
58715,0.0
11625,0.0
66785,0.0
13915,0.0
83215,0.0
75529,0.0
25542,0.0
64412,0.0
3153,0.0
30197,0.0
84930,1.0
70147,0.0
2428,0.0
19908,0.0
87073,0.0
69557,0.0
79468,0.0
52070,0.0
27687,0.0
2206,0.0
41198,0.0
15323,0.0
82326,0.0
79067,0.0
56504,0.0
440,0.0
88019,0.0
23420,0.0
14229,1.0
88852,0.0
70308,0.0
15117,0.0
82450,0.0
33744,0.0
41980,0.0
91137,0.0
12826,0.0
34352,0.0
17895,0.0
57161,0.0
70188,0.0
606,0.0
26212,0.0
62399,0.0
84473,0.0
75607,0.0
7919,0.0
32588,0.0
16866,0.0
86453,0.0
51941,1.0
53886,0.0
81610,0.0
64168,0.0
72492,0.0
18543,0.0
90866,0.0
56491,0.0
76072,1.0
53203,1.0
82983,0.0
26973,0.0
83808,0.0
51884,0.0
39249,0.0
60095,0.0
44331,0.0
54301,0.0
70668,0.0
4388,0.0
75987,0.0
78820,0.0
22988,0.0
71098,0.0
63776,0.0
6876,0.0
16717,0.0
6992,0.0
8875,0.0
80188,0.0
74753,0.0
89914,0.0
1070,0.0
42267,1.0
75395,0.0
37676,0.0
67537,1.0
1480,0.0
63087,0.0
52757,0.0
54502,0.0
35366,0.0
51060,0.0
43959,0.0
6399,0.0
13600,1.0
8783,0.0
70637,0.0
59162,1.0
41336,0.0
35370,0.0
56345,0.0
77959,0.0
4970,0.0
87044,0.0
51233,0.0
1621,0.0
54696,0.0
63859,0.0
7981,0.0
46929,0.0
59103,0.0
48212,0.0
3440,0.0
45704,1.0
15854,0.0
40338,0.0
23592,1.0
70940,0.0
46140,0.0
52407,0.0
84605,0.0
75512,0.0
58789,0.0
27690,0.0
49657,0.0
68955,0.0
51382,0.0
44884,0.0
8476,0.0
85830,0.0
73515,0.0
3179,0.0
85506,0.0
71642,0.0
10786,0.0
39294,0.0
23768,0.0
69101,0.0
25940,0.0
19606,0.0
14919,0.0
76780,0.0
20811,1.0
23535,0.0
18384,0.0
60734,0.0
46999,1.0
24073,0.0
7963,0.0
48569,0.0
59696,0.0
43166,0.0
43461,0.0
10053,1.0
46201,0.0
40049,0.0
62454,0.0
73234,0.0
8811,1.0
87582,0.0
48819,0.0
40457,1.0
43207,0.0
42363,0.0
89190,0.0
52615,0.0
48394,0.0
25261,0.0
1951,0.0
75743,0.0
18754,0.0
78789,0.0
48235,0.0
11957,0.0
40920,0.0
23720,0.0
46240,0.0
44167,0.0
88067,0.0
2064,0.0
67868,0.0
57753,0.0
59361,0.0
59191,0.0
49743,0.0
55969,0.0
85714,0.0
86847,0.0
71965,0.0
82953,0.0
72811,0.0
26837,0.0
23073,0.0
48194,0.0
42681,0.0
49292,0.0
88415,0.0
63344,0.0
56322,0.0
3309,0.0
8035,0.0
19158,0.0
35785,0.0
65850,0.0
50270,0.0
18687,0.0
45898,0.0
65740,0.0
40666,0.0
55377,0.0
48944,0.0
60450,0.0
2307,0.0
17106,0.0
85313,0.0
48951,1.0
56487,0.0
89887,0.0
53864,0.0
42836,0.0
45482,0.0
5497,0.0
68431,0.0
7290,0.0
66030,0.0
19604,0.0
78877,0.0
48243,0.0
23373,0.0
71436,0.0
80129,0.0
76833,0.0
20835,0.0
28917,0.0
50956,0.0
2947,0.0
84489,0.0
47460,0.0
45580,0.0
84146,0.0
12307,0.0
77451,0.0
1990,0.0
46298,0.0
12039,0.0
26102,1.0
76363,0.0
18689,0.0
88725,1.0
19025,0.0
42307,0.0
13994,0.0
28536,0.0
64742,0.0
33152,0.0
6072,0.0
84966,0.0
9789,0.0
59504,0.0
41172,0.0
79998,0.0
24088,1.0
33863,0.0
34826,0.0
31098,0.0
82952,0.0
62178,0.0
75128,0.0
44615,0.0
75893,0.0
8910,1.0
34989,1.0
72446,0.0
36218,1.0
13565,1.0
77538,0.0
68733,0.0
54133,0.0
59293,0.0
13016,0.0
22885,0.0
86147,0.0
46728,0.0
21176,0.0
90888,0.0
81183,0.0
19083,0.0
45159,0.0
42918,0.0
813,0.0
68653,0.0
42470,0.0
2436,0.0
7181,0.0
79043,0.0
59826,0.0
34309,0.0
43799,0.0
33194,0.0
28733,1.0
26894,0.0
36528,0.0
36289,0.0
36628,0.0
40127,0.0
35571,0.0
50381,0.0
14004,1.0
10143,0.0
30924,0.0
5165,0.0
53815,0.0
91619,0.0
11148,0.0
35892,0.0
5037,0.0
8265,0.0
18631,0.0
47162,1.0
28848,0.0
64553,0.0
19280,0.0
20587,0.0
4375,0.0
35663,0.0
50365,0.0
30166,0.0
81123,0.0
71562,0.0
16797,0.0
38396,0.0
9822,0.0
6963,0.0
47822,0.0
40959,0.0
43508,0.0
5371,1.0
45784,0.0
21294,0.0
2675,0.0
49453,1.0
37099,0.0
56479,0.0
8625,0.0
61098,0.0
54591,0.0
50222,0.0
69629,0.0
2744,0.0
68336,0.0
412,0.0
20894,0.0
8160,0.0
48857,0.0
54056,0.0
13577,0.0
74837,0.0
45015,0.0
9248,1.0
7544,0.0
86542,0.0
26389,0.0
56398,0.0
63026,0.0
26230,0.0
58687,0.0
68073,0.0
38468,0.0
21602,0.0
6488,0.0
40035,0.0
80318,0.0
66303,0.0
54730,0.0
38276,0.0
67901,0.0
42166,0.0
82388,0.0
51757,0.0
71268,0.0
58812,0.0
12622,1.0
44716,0.0
83820,0.0
74294,0.0
58214,0.0
11375,0.0
18825,0.0
45172,0.0
44915,0.0
42396,0.0
50882,0.0
41264,0.0
71424,0.0
23683,0.0
82834,0.0
35742,0.0
32092,1.0
2612,0.0
47969,1.0
76874,0.0
87486,0.0
17436,0.0
70348,0.0
45821,0.0
43858,0.0
32106,0.0
10592,0.0
11485,0.0
83488,0.0
25025,0.0
43293,0.0
36594,1.0
85570,1.0
70154,0.0
71927,0.0
63946,0.0
66090,0.0
42162,0.0
47050,0.0
67172,0.0
73490,0.0
28688,0.0
68648,0.0
26441,0.0
2236,0.0
27607,0.0
45248,1.0
77777,0.0
64700,0.0
44764,0.0
83470,0.0
13734,0.0
46200,0.0
79673,0.0
57280,0.0
23600,0.0
35963,0.0
25358,0.0
34420,0.0
59413,0.0
75121,0.0
20170,0.0
79553,0.0
74399,0.0
76048,0.0
24227,0.0
49965,0.0
30244,0.0
91025,0.0
8972,0.0
16652,0.0
60511,0.0
66742,0.0
1207,0.0
1881,0.0
24309,0.0
22125,0.0
3155,0.0
58417,0.0
74410,0.0
47387,1.0
59981,0.0
80909,0.0
73107,0.0
67204,0.0
38186,1.0
65003,0.0
75325,0.0
62728,0.0
18563,0.0
2055,0.0
61600,0.0
6180,0.0
6001,0.0
48615,0.0
38807,0.0
85067,0.0
59778,0.0
76989,1.0
33474,0.0
79255,0.0
67230,0.0
47139,0.0
79299,0.0
33509,0.0
32818,0.0
41394,0.0
30424,0.0
25323,0.0
28391,0.0
2230,0.0
3038,0.0
20101,0.0
38638,0.0
2667,0.0
47475,0.0
59120,0.0
11382,0.0
44632,0.0
62745,0.0
73357,0.0
22194,0.0
91452,1.0
24109,0.0
14560,0.0
18192,0.0
91531,0.0
3906,0.0
47546,1.0
38145,0.0
80370,0.0
45846,0.0
66584,1.0
58636,0.0
64185,0.0
27539,0.0
81681,0.0
11404,0.0
19903,0.0
47978,0.0
40019,0.0
47478,0.0
21300,1.0
13186,0.0
62672,0.0
47388,0.0
9241,0.0
86276,0.0
7427,0.0
51736,1.0
17832,0.0
64550,0.0
89520,0.0
16435,0.0
34156,1.0
40044,0.0
31582,0.0
34422,0.0
66292,0.0
56181,0.0
49564,0.0
52519,0.0
38369,0.0
58440,0.0
38488,0.0
83978,0.0
82031,0.0
49452,0.0
41707,0.0
33332,0.0
70595,0.0
71771,0.0
79012,0.0
12893,1.0
22696,0.0
8949,0.0
66420,0.0
18524,1.0
32428,0.0
76298,0.0
74876,0.0
32492,0.0
81215,0.0
46556,0.0
3737,1.0
62881,0.0
21385,0.0
43087,0.0
21987,0.0
6937,0.0
24916,0.0
55893,0.0
89354,0.0
63641,0.0
11218,0.0
18176,0.0
57707,0.0
32801,0.0
310,0.0
29822,0.0
17690,0.0
9134,0.0
52593,0.0
75884,0.0
82931,0.0
33425,0.0
19134,0.0
74448,0.0
14431,1.0
44599,1.0
26175,0.0
66956,0.0
38888,0.0
13059,0.0
54855,0.0
73595,0.0
81495,0.0
79331,1.0
21647,0.0
89027,0.0
29061,0.0
1889,0.0
24925,0.0
32585,0.0
32218,0.0
1263,1.0
89214,0.0
37662,0.0
88522,0.0
72513,1.0
76657,0.0
8979,0.0
44684,0.0
43267,0.0
13517,0.0
49642,0.0
63016,0.0
37961,0.0
35123,0.0
57623,0.0
59243,0.0
76822,0.0
3722,0.0
84161,0.0
44199,0.0
69495,0.0
622,0.0
81546,0.0
38287,0.0
13571,1.0
82007,0.0
18735,0.0
3964,0.0
63536,0.0
40467,0.0
12107,1.0
47729,0.0
13742,0.0
35106,1.0
5118,1.0
40765,0.0
47370,0.0
83508,0.0
91690,1.0
58284,0.0
46066,0.0
27855,0.0
68211,1.0
38266,0.0
37148,0.0
3578,1.0
10317,0.0
67300,0.0
50211,0.0
52276,0.0
85261,0.0
59479,0.0
87173,0.0
2273,0.0
83560,0.0
18286,0.0
44393,0.0
47047,0.0
10862,0.0
40027,0.0
73984,0.0
74296,0.0
10728,0.0
81848,0.0
77964,0.0
13544,1.0
75586,0.0
27757,0.0
2216,0.0
243,0.0
30598,0.0
13661,0.0
75451,0.0
4836,0.0
41892,0.0
48768,0.0
52886,0.0
11709,0.0
2794,0.0
12140,0.0
11433,0.0
12769,0.0
31068,0.0
51022,0.0
14217,0.0
74653,0.0
12312,0.0
32926,0.0
73059,0.0
70636,0.0
53231,0.0
71952,0.0
57960,0.0
47320,0.0
81949,0.0
74558,0.0
48929,0.0
45908,0.0
4579,0.0
8227,0.0
28043,1.0
45468,0.0
17316,0.0
35626,0.0
37243,0.0
10987,0.0
30359,0.0
22836,0.0
11098,0.0
81359,0.0
18043,0.0
6538,0.0
43091,0.0
57406,0.0
68098,0.0
59099,0.0
83225,1.0
62244,0.0
249,0.0
55742,0.0
12423,0.0
38209,0.0
59021,0.0
57272,0.0
52487,0.0
1799,0.0
85572,0.0
8250,0.0
84260,0.0
17513,0.0
64623,0.0
41134,0.0
77575,0.0
2102,0.0
48297,0.0
38661,0.0
71269,0.0
18088,0.0
90845,0.0
21958,1.0
90860,0.0
39251,0.0
62123,0.0
31438,0.0
34664,0.0
4745,0.0
60115,0.0
79253,0.0
44706,0.0
26431,0.0
46824,1.0
31977,0.0
81822,0.0
5942,0.0
32459,0.0
41966,0.0
31057,0.0
71094,0.0
45828,0.0
21869,0.0
35075,0.0
4076,0.0
62775,0.0
52798,0.0
91444,0.0
11283,0.0
11523,0.0
81266,0.0
18719,0.0
70535,0.0
30566,0.0
48061,0.0
38406,0.0
80223,0.0
39662,0.0
49108,0.0
77687,0.0
86640,0.0
11993,0.0
31413,0.0
52271,0.0
74035,1.0
25933,1.0
42294,0.0
47210,0.0
70460,0.0
60888,0.0
15772,0.0
833,1.0
35781,0.0
61807,0.0
34006,0.0
64255,0.0
48483,0.0
80427,0.0
21044,0.0
5803,0.0
43362,0.0
76801,0.0
75187,0.0
85035,0.0
67975,0.0
51463,1.0
21047,0.0
52649,0.0
63506,0.0
6879,0.0
69065,0.0
48240,0.0
51454,0.0
65126,0.0
43882,0.0
28623,0.0
64738,0.0
80024,0.0
52266,0.0
24852,0.0
34419,0.0
36217,0.0
66378,0.0
54988,0.0
13488,1.0
91557,0.0
70235,0.0
27803,0.0
13512,0.0
46490,0.0
43904,0.0
1177,0.0
72746,0.0
83739,0.0
85100,0.0
57675,0.0
44097,0.0
82735,0.0
33241,0.0
55327,0.0
85766,0.0
38983,0.0
71450,0.0
14800,0.0
44486,0.0
4355,0.0
64217,0.0
58209,0.0
36241,0.0
30036,0.0
37933,0.0
52828,0.0
12682,0.0
34242,0.0
54078,0.0
9843,0.0
13868,0.0
12384,0.0
68081,0.0
7141,0.0
79477,0.0
61487,0.0
48080,0.0
90735,0.0
11753,0.0
78552,0.0
88502,0.0
49254,0.0
55206,0.0
71163,0.0
13533,0.0
67084,0.0
19139,0.0
37150,0.0
5905,0.0
44988,0.0
88041,0.0
16606,0.0
40935,1.0
53788,0.0
69292,0.0
35407,1.0
59665,0.0
50723,0.0
62557,0.0
26045,0.0
84414,0.0
59081,0.0
80051,0.0
85066,0.0
21165,1.0
91199,0.0
50987,0.0
29901,0.0
26724,0.0
69264,0.0
50086,0.0
76896,0.0
36966,0.0
41775,0.0
42803,0.0
58330,0.0
23547,1.0
22111,0.0
29004,0.0
56162,0.0
71071,0.0
35093,0.0
31947,0.0
12517,0.0
64776,0.0
75489,0.0
8268,0.0
50574,0.0
73714,0.0
88308,0.0
32301,0.0
56801,0.0
90844,0.0
22901,0.0
34150,0.0
78090,0.0
8399,0.0
81400,0.0
1581,0.0
88074,0.0
56254,0.0
5478,0.0
59319,0.0
55185,0.0
63847,0.0
58156,1.0
16304,0.0
21249,0.0
41915,0.0
18935,0.0
46621,0.0
29473,0.0
9607,0.0
84131,0.0
40818,0.0
26357,0.0
29824,1.0
40096,0.0
20932,0.0
83439,0.0
50078,0.0
9521,0.0
88902,0.0
41594,0.0
74774,0.0
82768,0.0
57972,0.0
73240,0.0
65441,0.0
29258,0.0
41094,1.0
79587,0.0
45348,0.0
40602,0.0
56524,0.0
15605,0.0
4695,0.0
29160,0.0
20213,0.0
7612,0.0
42449,0.0
10191,0.0
49393,0.0
79242,0.0
81905,0.0
86602,0.0
29423,1.0
73177,0.0
63962,0.0
85937,1.0
15540,0.0
51637,0.0
3712,0.0
36390,0.0
90008,0.0
1630,0.0
36184,0.0
52065,0.0
41532,0.0
24804,0.0
24233,0.0
15566,0.0
4591,0.0
31545,0.0
51007,0.0
42587,0.0
78178,0.0
36526,0.0
21714,0.0
53640,0.0
87679,1.0
17161,0.0
27954,0.0
3845,0.0
6158,0.0
3508,0.0
21936,0.0
65159,0.0
69471,0.0
49845,0.0
8674,0.0
13384,0.0
52154,0.0
58136,0.0
74426,0.0
63160,0.0
61288,0.0
48868,1.0
388,0.0
16342,0.0
17444,1.0
75498,1.0
51476,0.0
45100,1.0
59859,0.0
74922,0.0
4146,0.0
42119,0.0
45239,0.0
23186,0.0
57532,0.0
32344,0.0
40661,1.0
52968,0.0
84666,0.0
14926,1.0
17333,0.0
48903,0.0
45095,0.0
84180,0.0
15632,0.0
78504,0.0
51677,0.0
31532,0.0
45942,0.0
33482,0.0
18693,1.0
84037,0.0
48853,0.0
75026,1.0
29979,0.0
41995,0.0
8982,0.0
966,0.0
37701,0.0
26302,0.0
104,0.0
41739,0.0
44220,0.0
20260,0.0
61101,0.0
80012,0.0
40701,0.0
11836,1.0
40819,0.0
16102,0.0
4697,1.0
86758,0.0
60707,0.0
81006,0.0
4019,0.0
71416,0.0
41071,0.0
64990,0.0
38354,0.0
61080,0.0
16538,1.0
62514,0.0
12575,0.0
35318,0.0
57310,0.0
50038,0.0
83377,0.0
65625,0.0
31152,0.0
9247,0.0
65234,0.0
34916,0.0
84782,0.0
14356,0.0
47562,1.0
20527,0.0
51767,0.0
34042,0.0
32311,0.0
10677,1.0
31754,0.0
32798,0.0
79659,0.0
66293,0.0
83788,0.0
12123,0.0
11744,1.0
74397,0.0
12402,0.0
50977,0.0
71884,0.0
52272,0.0
52100,0.0
30295,0.0
75160,0.0
59996,0.0
39574,0.0
38379,0.0
88562,0.0
33354,0.0
51130,0.0
61,0.0
59303,0.0
53510,0.0
83428,0.0
37805,0.0
78819,0.0
21435,0.0
75697,0.0
90861,0.0
59674,0.0
44087,0.0
43160,0.0
24853,0.0
84750,0.0
75436,0.0
18385,0.0
35588,0.0
9145,0.0
75159,0.0
28490,0.0
48945,0.0
36929,0.0
81530,0.0
12225,0.0
73051,0.0
12643,0.0
129,0.0
13563,0.0
5913,0.0
43116,0.0
63734,0.0
71971,0.0
12183,0.0
12475,0.0
86834,0.0
30958,0.0
35250,0.0
31962,0.0
3973,0.0
73308,1.0
52484,0.0
19747,0.0
22793,0.0
82460,0.0
89694,0.0
39915,0.0
39131,0.0
58961,0.0
23798,1.0
60947,0.0
40688,0.0
77322,0.0
48225,0.0
80002,0.0
80133,0.0
34672,1.0
84104,0.0
27525,0.0
13122,0.0
46537,0.0
38591,0.0
64583,0.0
77051,1.0
32191,1.0
62213,0.0
23877,0.0
59398,0.0
36649,0.0
37404,0.0
53307,0.0
79771,0.0
91255,0.0
9417,0.0
86050,1.0
35755,0.0
75955,0.0
45464,0.0
27619,0.0
70022,0.0
22938,0.0
64132,0.0
46791,0.0
50816,0.0
22860,0.0
32575,0.0
81012,0.0
83598,0.0
11310,0.0
37456,0.0
44274,1.0
22613,0.0
42692,0.0
18494,0.0
90773,0.0
59198,0.0
47409,0.0
38284,1.0
81241,0.0
55859,0.0
11034,0.0
1776,0.0
32921,0.0
5876,0.0
3965,0.0
84909,0.0
44484,0.0
33178,0.0
47570,0.0
61370,0.0
19168,1.0
36801,0.0
20000,0.0
32185,0.0
47816,0.0
48242,0.0
11687,0.0
61013,0.0
45378,0.0
45918,0.0
32541,0.0
75086,0.0
74783,1.0
667,0.0
43177,1.0
83718,0.0
43813,0.0
52614,0.0
47167,0.0
87589,0.0
65239,0.0
67480,0.0
73006,0.0
89749,0.0
6131,0.0
18805,0.0
47230,0.0
39364,0.0
12503,0.0
62773,0.0
9790,0.0
25805,0.0
21785,0.0
83314,0.0
37561,0.0
81682,0.0
21448,0.0
20128,0.0
62463,0.0
3525,0.0
54845,0.0
9776,0.0
15207,1.0
75272,0.0
24719,0.0
51753,0.0
73662,0.0
73922,0.0
24443,0.0
71130,0.0
39468,0.0
67951,0.0
57030,1.0
8591,0.0
53809,0.0
56786,0.0
72101,0.0
75168,0.0
57925,0.0
71695,0.0
62453,0.0
59802,0.0
1807,0.0
69593,0.0
59566,0.0
21600,1.0
30349,0.0
54893,0.0
88736,0.0
16343,0.0
4922,0.0
84589,0.0
47503,0.0
55649,0.0
52904,1.0
78202,0.0
38056,0.0
80667,0.0
67524,0.0
17342,1.0
61961,0.0
91588,0.0
14091,0.0
78159,0.0
85415,0.0
24087,0.0
62110,0.0
73444,0.0
67165,0.0
14398,0.0
57904,0.0
52934,0.0
21222,0.0
25095,0.0
77571,0.0
12869,0.0
65842,0.0
66426,0.0
47578,0.0
13440,0.0
18490,0.0
26782,0.0
7342,0.0
29493,0.0
89532,0.0
860,0.0
44361,0.0
43015,0.0
41161,0.0
37858,0.0
55554,0.0
21734,0.0
90447,0.0
55703,0.0
43549,0.0
80456,0.0
71152,0.0
82601,0.0
3053,0.0
71849,0.0
28324,0.0
37792,0.0
25827,0.0
87051,0.0
46064,0.0
4283,0.0
32873,0.0
77287,0.0
26946,0.0
63931,1.0
45549,0.0
16373,0.0
43330,0.0
5796,0.0
26077,0.0
83449,0.0
84283,0.0
48260,0.0
50204,0.0
75850,0.0
42195,0.0
31375,0.0
57502,0.0
91623,0.0
59090,0.0
76156,0.0
27625,0.0
43580,0.0
52089,0.0
49638,0.0
25707,1.0
63858,0.0
13271,0.0
54829,1.0
54615,0.0
59332,0.0
26877,0.0
34905,0.0
70119,0.0
55175,0.0
31171,0.0
69937,0.0
54536,1.0
76044,0.0
21816,0.0
51046,0.0
18464,0.0
51059,0.0
90647,0.0
56213,0.0
17445,0.0
80782,0.0
73812,0.0
35171,0.0
3002,1.0
12602,0.0
68210,0.0
77961,0.0
62741,0.0
78805,0.0
29110,0.0
16040,0.0
22550,0.0
64331,0.0
18434,0.0
72381,0.0
6988,0.0
13336,0.0
40781,0.0
24985,0.0
61076,0.0
67542,0.0
45360,1.0
48699,1.0
73686,0.0
8827,1.0
41701,0.0
90700,0.0
9102,0.0
42613,0.0
29148,0.0
82175,1.0
47612,0.0
37262,1.0
7382,0.0
79643,0.0
3220,0.0
61359,0.0
12658,0.0
41750,0.0
65562,0.0
80081,0.0
26732,0.0
80816,1.0
58674,0.0
26479,0.0
9024,0.0
48521,0.0
53827,0.0
56932,0.0
55496,0.0
832,0.0
42138,0.0
21789,0.0
5142,0.0
32628,0.0
72969,0.0
32652,0.0
10357,0.0
10540,0.0
41637,0.0
31900,1.0
76938,0.0
8913,0.0
38418,0.0
52369,1.0
57646,0.0
36908,0.0
34533,0.0
63977,0.0
23083,0.0
610,1.0
41413,0.0
31116,1.0
16801,0.0
59687,0.0
30823,0.0
44523,1.0
19714,0.0
60140,0.0
2502,0.0
31807,0.0
12195,0.0
84229,0.0
62321,0.0
62609,0.0
76488,0.0
22917,0.0
81193,0.0
84892,0.0
6871,0.0
1591,0.0
25110,0.0
81448,0.0
63660,0.0
63750,0.0
36945,0.0
86951,0.0
37870,0.0
67330,0.0
32016,0.0
46143,0.0
43926,1.0
58254,0.0
88084,0.0
4211,0.0
23670,0.0
11152,0.0
12883,0.0
48654,1.0
64699,0.0
29945,0.0
52429,0.0
5773,0.0
9276,0.0
23131,0.0
46431,0.0
54391,0.0
25575,0.0
69034,0.0
23635,0.0
1973,0.0
71970,0.0
26750,0.0
54759,0.0
38179,0.0
62687,0.0
36004,0.0
27998,0.0
59733,0.0
88608,0.0
76413,0.0
69588,1.0
27249,0.0
32535,0.0
65972,0.0
47014,0.0
4214,0.0
64988,0.0
89803,0.0
61065,0.0
79711,0.0
64880,0.0
19792,0.0
10343,0.0
72435,0.0
51379,0.0
30343,0.0
57542,0.0
7250,0.0
52115,0.0
41420,0.0
91002,0.0
86858,0.0
36053,0.0
62100,0.0
68135,0.0
2405,0.0
47425,0.0
36387,0.0
82765,0.0
55891,0.0
136,0.0
38131,0.0
7749,0.0
3135,0.0
20564,0.0
55164,0.0
52850,0.0
38523,0.0
70545,0.0
35608,0.0
46009,0.0
13275,0.0
4090,0.0
91027,0.0
70718,0.0
56081,0.0
15892,0.0
83294,0.0
2914,0.0
36335,0.0
6762,0.0
29272,0.0
876,0.0
83003,0.0
63398,0.0
32442,0.0
62378,0.0
6672,0.0
41393,0.0
88259,0.0
30730,0.0
42021,0.0
86926,0.0
77047,0.0
44411,1.0
58102,0.0
60968,0.0
60897,0.0
8723,0.0
89217,0.0
28923,0.0
14894,0.0
38075,0.0
67688,0.0
78625,1.0
67265,0.0
12563,0.0
19776,0.0
3103,0.0
74887,0.0
60342,0.0
9350,0.0
6163,0.0
35956,0.0
13181,0.0
72020,0.0
33724,0.0
45992,0.0
91283,0.0
81591,0.0
37157,0.0
42938,0.0
52965,0.0
12650,0.0
46289,0.0
80491,0.0
37378,0.0
68146,0.0
11881,0.0
10860,0.0
65670,0.0
68496,0.0
73763,0.0
57820,0.0
64251,0.0
28319,0.0
4811,0.0
20718,0.0
25842,0.0
50290,1.0
3483,1.0
40496,0.0
75847,0.0
90424,0.0
11167,1.0
34169,0.0
10881,0.0
82228,0.0
17636,0.0
82777,0.0
32765,0.0
25260,0.0
53621,0.0
43431,0.0
53151,1.0
72379,0.0
90478,0.0
38025,0.0
52851,0.0
10339,0.0
89297,0.0
34994,0.0
78643,0.0
17413,0.0
83275,0.0
39065,0.0
73624,0.0
57860,0.0
19568,0.0
5888,0.0
88973,0.0
46365,0.0
33652,0.0
65783,0.0
54461,0.0
85023,0.0
65667,0.0
34862,0.0
86290,0.0
20938,0.0
67582,0.0
15057,0.0
89256,0.0
91682,0.0
8149,1.0
83189,0.0
44428,0.0
59425,0.0
47694,0.0
55514,0.0
59414,0.0
36560,1.0
11119,1.0
81969,0.0
58451,0.0
91399,0.0
75374,0.0
10524,0.0
18258,0.0
46868,0.0
15493,0.0
36752,0.0
90142,0.0
55853,0.0
29274,0.0
46942,0.0
31520,0.0
10804,0.0
62877,0.0
46765,0.0
20187,0.0
55049,0.0
5706,0.0
80132,0.0
24908,0.0
62048,0.0
62131,0.0
39480,0.0
16291,0.0
40722,0.0
11334,0.0
68205,0.0
78304,0.0
28077,0.0
79248,0.0
60831,0.0
48932,1.0
34496,0.0
86164,1.0
27933,0.0
28048,0.0
53761,0.0
51238,0.0
19377,0.0
87401,0.0
63635,0.0
15811,0.0
68332,0.0
14287,0.0
56226,0.0
81706,0.0
88911,0.0
77983,0.0
38559,0.0
32648,0.0
62900,0.0
33976,0.0
75322,0.0
33780,0.0
56828,0.0
83460,0.0
15824,0.0
19630,0.0
12070,0.0
48949,0.0
12079,0.0
77505,0.0
23198,0.0
53144,0.0
60317,0.0
44966,0.0
45633,0.0
32920,0.0
30163,0.0
71847,0.0
4732,0.0
63975,0.0
63649,0.0
66111,0.0
64040,0.0
37818,0.0
53878,0.0
31100,0.0
58007,0.0
76646,0.0
14768,0.0
6614,0.0
2934,0.0
90785,0.0
78632,0.0
58302,0.0
22689,0.0
37473,0.0
73271,0.0
84746,0.0
70456,0.0
69420,0.0
32794,0.0
55680,0.0
13788,0.0
8400,0.0
82139,0.0
53776,0.0
5170,0.0
81049,0.0
44397,0.0
65527,0.0
72430,0.0
86975,0.0
719,1.0
65961,0.0
82533,0.0
69559,0.0
83123,0.0
71790,0.0
71934,0.0
9817,0.0
29828,0.0
49103,0.0
74007,0.0
9283,0.0
27535,0.0
72850,0.0
35924,1.0
52401,0.0
90739,0.0
12836,0.0
75008,0.0
73022,0.0
72991,0.0
45652,0.0
2057,0.0
77062,0.0
3643,0.0
29109,0.0
67064,0.0
56512,0.0
8491,0.0
1086,0.0
27617,0.0
80296,0.0
77067,0.0
25862,0.0
27899,1.0
35808,0.0
23009,0.0
1862,0.0
65380,0.0
69287,0.0
5024,0.0
47246,0.0
4534,0.0
41067,0.0
53507,0.0
55984,0.0
36195,0.0
81458,0.0
32695,1.0
82057,0.0
35471,1.0
59499,0.0
65828,0.0
88316,0.0
16037,0.0
50738,0.0
46347,0.0
49487,0.0
10541,0.0
64446,0.0
72197,0.0
68051,0.0
88516,0.0
70563,0.0
41643,0.0
39391,0.0
75178,0.0
289,0.0
70788,0.0
19789,0.0
88983,0.0
1780,0.0
10801,0.0
80759,0.0
57224,0.0
42660,0.0
8034,0.0
13598,0.0
24818,0.0
60945,0.0
63896,0.0
48787,0.0
68626,0.0
68259,0.0
23146,0.0
21148,0.0
88810,0.0
10408,0.0
21651,0.0
50890,0.0
42489,0.0
7504,0.0
42380,0.0
32983,0.0
24698,0.0
35883,0.0
3441,0.0
79995,0.0
17051,0.0
33785,0.0
61018,0.0
38905,0.0
80450,0.0
86698,1.0
14563,0.0
89475,0.0
65101,0.0
46170,0.0
45043,0.0
24801,0.0
43869,0.0
70338,0.0
77403,0.0
74987,0.0
20729,0.0
87146,0.0
16258,1.0
23106,0.0
66297,0.0
27418,0.0
38805,0.0
75717,0.0
9239,0.0
848,0.0
48052,1.0
4582,0.0
46573,0.0
17581,0.0
10351,0.0
23407,0.0
5064,0.0
20200,0.0
8871,1.0
17201,0.0
24640,0.0
45193,0.0
86561,0.0
44085,0.0
33383,0.0
11403,1.0
79888,0.0
89236,0.0
39282,0.0
89677,0.0
45965,0.0
55900,0.0
75416,0.0
20541,0.0
